date,hour,am/pm,burnside_snowdepth_cm,burnside_SWE_mm,burnside_snowtemp,burnside_SWE_cm
4/1/2019 0:00,12:00:00,AM,272,1113,-8.64,111.3
4/1/2019 0:00,1:00:00,AM,272,1110,-6.96,111
4/1/2019 0:00,2:00:00,AM,272,1113,-6.91,111.3
4/1/2019 0:00,3:00:00,AM,272,1110,-7.35,111
4/1/2019 0:00,4:00:00,AM,272,1110,-6.25,111
4/1/2019 0:00,5:00:00,AM,272,1113,-5.93,111.3
4/1/2019 0:00,6:00:00,AM,272,1110,-5.64,111
4/1/2019 0:00,7:00:00,AM,269,1110,-4.13,111
4/1/2019 0:00,8:00:00,AM,269,1107,-2.32,110.7
4/1/2019 0:00,9:00:00,AM,267,1105,0.02,110.5
4/1/2019 0:00,10:00:00,AM,264,1110,0.36,111
4/1/2019 0:00,11:00:00,AM,264,1110,0.49,111
4/1/2019 0:00,12:00:00,PM,264,1110,0.46,111
4/1/2019 0:00,1:00:00,PM,264,1113,0.49,111.3
4/1/2019 0:00,2:00:00,PM,264,1110,0.49,111
4/1/2019 0:00,3:00:00,PM,267,1113,0.39,111.3
4/1/2019 0:00,4:00:00,PM,264,1113,0.42,111.3
4/1/2019 0:00,5:00:00,PM,267,1113,0.15,111.3
4/1/2019 0:00,6:00:00,PM,267,1113,-0.13,111.3
4/1/2019 0:00,7:00:00,PM,267,1113,-0.24,111.3
4/1/2019 0:00,8:00:00,PM,264,1113,-0.74,111.3
4/1/2019 0:00,9:00:00,PM,269,1115,-1.45,111.5
4/1/2019 0:00,10:00:00,PM,269,1113,-1.68,111.3
4/1/2019 0:00,11:00:00,PM,272,1115,-1.71,111.5
4/2/2019 0:00,12:00:00,AM,272,1113,-1.92,111.3
4/2/2019 0:00,1:00:00,AM,272,1115,-2.25,111.5
4/2/2019 0:00,2:00:00,AM,272,1115,-2.08,111.5
4/2/2019 0:00,3:00:00,AM,272,1118,-1.99,111.8
4/2/2019 0:00,4:00:00,AM,272,1118,-2.09,111.8
4/2/2019 0:00,5:00:00,AM,274,1118,-2.27,111.8
4/2/2019 0:00,6:00:00,AM,274,1118,-2.39,111.8
4/2/2019 0:00,7:00:00,AM,269,1123,-2.58,112.3
4/2/2019 0:00,8:00:00,AM,274,1125,-1.82,112.5
4/2/2019 0:00,9:00:00,AM,277,1125,-1.55,112.5
4/2/2019 0:00,10:00:00,AM,267,1125,-1.56,112.5
4/2/2019 0:00,11:00:00,AM,277,1128,-2.13,112.8
4/2/2019 0:00,12:00:00,PM,279,1130,-2.4,113
4/2/2019 0:00,1:00:00,PM,279,1130,-2.56,113
4/2/2019 0:00,2:00:00,PM,279,1133,-3.13,113.3
4/2/2019 0:00,3:00:00,PM,279,1130,-3.27,113
4/2/2019 0:00,4:00:00,PM,272,1133,-3.56,113.3
4/2/2019 0:00,5:00:00,PM,279,1133,-3.61,113.3
4/2/2019 0:00,6:00:00,PM,279,1130,-3.53,113
4/2/2019 0:00,7:00:00,PM,279,1133,-3.67,113.3
4/2/2019 0:00,8:00:00,PM,274,1130,-3.85,113
4/2/2019 0:00,9:00:00,PM,279,1130,-5.04,113
4/2/2019 0:00,10:00:00,PM,279,1130,-7.52,113
4/2/2019 0:00,11:00:00,PM,279,1133,-8.9,113.3
4/3/2019 0:00,12:00:00,AM,279,1133,-9.04,113.3
4/3/2019 0:00,1:00:00,AM,279,1133,-7.35,113.3
4/3/2019 0:00,2:00:00,AM,279,1133,-8.3,113.3
4/3/2019 0:00,3:00:00,AM,279,1133,-9.58,113.3
4/3/2019 0:00,4:00:00,AM,279,1130,-10.92,113
4/3/2019 0:00,5:00:00,AM,279,1130,-11.33,113
4/3/2019 0:00,6:00:00,AM,279,1133,-10.87,113.3
4/3/2019 0:00,7:00:00,AM,274,1130,-9.17,113
4/3/2019 0:00,8:00:00,AM,277,1130,-6.22,113
4/3/2019 0:00,9:00:00,AM,274,1128,-3.05,112.8
4/3/2019 0:00,10:00:00,AM,272,1128,-0.84,112.8
4/3/2019 0:00,11:00:00,AM,272,1130,-0.57,113
4/3/2019 0:00,12:00:00,PM,272,1133,-0.23,113.3
4/3/2019 0:00,1:00:00,PM,269,1133,-0.13,113.3
4/3/2019 0:00,2:00:00,PM,269,1133,0.03,113.3
4/3/2019 0:00,3:00:00,PM,269,1133,-0.48,113.3
4/3/2019 0:00,4:00:00,PM,267,1133,-1.66,113.3
4/3/2019 0:00,5:00:00,PM,269,1133,-3.6,113.3
4/3/2019 0:00,6:00:00,PM,269,1128,-4.26,112.8
4/3/2019 0:00,7:00:00,PM,269,1130,-4.33,113
4/3/2019 0:00,8:00:00,PM,269,1130,-5.04,113
4/3/2019 0:00,9:00:00,PM,269,1130,-5.31,113
4/3/2019 0:00,10:00:00,PM,269,1130,-4.28,113
4/3/2019 0:00,11:00:00,PM,269,1128,-5.29,112.8
4/4/2019 0:00,12:00:00,AM,269,1130,-6.53,113
4/4/2019 0:00,1:00:00,AM,269,1133,-7.96,113.3
4/4/2019 0:00,2:00:00,AM,269,1133,-8.93,113.3
4/4/2019 0:00,3:00:00,AM,269,1128,-9.37,112.8
4/4/2019 0:00,4:00:00,AM,269,1130,-10.41,113
4/4/2019 0:00,5:00:00,AM,269,1130,-10.79,113
4/4/2019 0:00,6:00:00,AM,269,1128,-9.23,112.8
4/4/2019 0:00,7:00:00,AM,267,1128,-7.4,112.8
4/4/2019 0:00,8:00:00,AM,267,1125,-5.39,112.5
4/4/2019 0:00,9:00:00,AM,267,1123,-3,112.3
4/4/2019 0:00,10:00:00,AM,267,1128,-1.05,112.8
4/4/2019 0:00,11:00:00,AM,267,1130,-0.3,113
4/4/2019 0:00,12:00:00,PM,267,1130,-0.43,113
4/4/2019 0:00,1:00:00,PM,267,1128,-0.2,112.8
4/4/2019 0:00,2:00:00,PM,267,1130,-0.52,113
4/4/2019 0:00,3:00:00,PM,267,1128,-1.46,112.8
4/4/2019 0:00,4:00:00,PM,264,1125,-2.16,112.5
4/4/2019 0:00,5:00:00,PM,264,1130,-2.65,113
4/4/2019 0:00,6:00:00,PM,267,1125,-2.96,112.5
4/4/2019 0:00,7:00:00,PM,267,1130,-2.84,113
4/4/2019 0:00,8:00:00,PM,267,1130,-2.92,113
4/4/2019 0:00,9:00:00,PM,267,1128,-3.75,112.8
4/4/2019 0:00,10:00:00,PM,267,1130,-4.41,113
4/4/2019 0:00,11:00:00,PM,267,1128,-4.51,112.8
4/5/2019 0:00,12:00:00,AM,267,1128,-4.41,112.8
4/5/2019 0:00,1:00:00,AM,269,1128,-5.21,112.8
4/5/2019 0:00,2:00:00,AM,269,1125,-6.04,112.5
4/5/2019 0:00,3:00:00,AM,267,1128,-4.33,112.8
4/5/2019 0:00,4:00:00,AM,267,1128,-4.5,112.8
4/5/2019 0:00,5:00:00,AM,267,1125,-5.19,112.5
4/5/2019 0:00,6:00:00,AM,267,1128,-5.18,112.8
4/5/2019 0:00,7:00:00,AM,267,1123,-5.23,112.3
4/5/2019 0:00,8:00:00,AM,267,1123,-2.94,112.3
4/5/2019 0:00,9:00:00,AM,264,1125,-2.23,112.5
4/5/2019 0:00,10:00:00,AM,267,1123,-2.02,112.3
4/5/2019 0:00,11:00:00,AM,264,1125,-2.23,112.5
4/5/2019 0:00,12:00:00,PM,262,1128,-2.46,112.8
4/5/2019 0:00,1:00:00,PM,264,1128,-2.54,112.8
4/5/2019 0:00,2:00:00,PM,267,1125,-2.83,112.5
4/5/2019 0:00,3:00:00,PM,267,1130,-2.98,113
4/5/2019 0:00,4:00:00,PM,264,1128,-3.89,112.8
4/5/2019 0:00,5:00:00,PM,267,1130,-5.94,113
4/5/2019 0:00,6:00:00,PM,269,1130,-9.23,113
4/5/2019 0:00,7:00:00,PM,269,1128,-10.21,112.8
4/5/2019 0:00,8:00:00,PM,269,1128,-11.45,112.8
4/5/2019 0:00,9:00:00,PM,269,1125,-15.39,112.5
4/5/2019 0:00,10:00:00,PM,269,1128,-18.27,112.8
4/5/2019 0:00,11:00:00,PM,269,1128,-14.5,112.8
4/6/2019 0:00,12:00:00,AM,267,1128,-10.93,112.8
4/6/2019 0:00,1:00:00,AM,267,1128,-9.52,112.8
4/6/2019 0:00,2:00:00,AM,269,1125,-9.03,112.5
4/6/2019 0:00,3:00:00,AM,269,1125,-8.71,112.5
4/6/2019 0:00,4:00:00,AM,269,1128,-8.76,112.8
4/6/2019 0:00,5:00:00,AM,269,1123,-8.61,112.3
4/6/2019 0:00,6:00:00,AM,269,1123,-8.41,112.3
4/6/2019 0:00,7:00:00,AM,269,1120,-7.77,112
4/6/2019 0:00,8:00:00,AM,267,1123,-6.89,112.3
4/6/2019 0:00,9:00:00,AM,267,1118,-5.31,111.8
4/6/2019 0:00,10:00:00,AM,267,1125,-4.25,112.5
4/6/2019 0:00,11:00:00,AM,264,1125,-2.18,112.5
4/6/2019 0:00,12:00:00,PM,264,1125,-0.98,112.5
4/6/2019 0:00,1:00:00,PM,264,1128,0.17,112.8
4/6/2019 0:00,2:00:00,PM,262,1130,0.18,113
4/6/2019 0:00,3:00:00,PM,262,1125,-0.05,112.5
4/6/2019 0:00,4:00:00,PM,264,1128,-0.96,112.8
4/6/2019 0:00,5:00:00,PM,264,1128,-0.42,112.8
4/6/2019 0:00,6:00:00,PM,264,1128,-0.5,112.8
4/6/2019 0:00,7:00:00,PM,264,1125,-0.73,112.5
4/6/2019 0:00,8:00:00,PM,264,1123,-0.63,112.3
4/6/2019 0:00,9:00:00,PM,264,1123,-1.79,112.3
4/6/2019 0:00,10:00:00,PM,264,1125,-1.59,112.5
4/6/2019 0:00,11:00:00,PM,264,1123,-2.08,112.3
4/7/2019 0:00,12:00:00,AM,264,1123,-3.09,112.3
4/7/2019 0:00,1:00:00,AM,264,1123,-3.14,112.3
4/7/2019 0:00,2:00:00,AM,264,1125,-4.07,112.5
4/7/2019 0:00,3:00:00,AM,264,1123,-3.83,112.3
4/7/2019 0:00,4:00:00,AM,264,1125,-3.96,112.5
4/7/2019 0:00,5:00:00,AM,264,1123,-4.35,112.3
4/7/2019 0:00,6:00:00,AM,264,1125,-3.55,112.5
4/7/2019 0:00,7:00:00,AM,264,1123,-2.65,112.3
4/7/2019 0:00,8:00:00,AM,259,1120,-1.21,112
4/7/2019 0:00,9:00:00,AM,259,1123,-0.06,112.3
4/7/2019 0:00,10:00:00,AM,259,1120,0.33,112
4/7/2019 0:00,11:00:00,AM,259,1123,0.41,112.3
4/7/2019 0:00,12:00:00,PM,259,1123,0.44,112.3
4/7/2019 0:00,1:00:00,PM,257,1123,0.45,112.3
4/7/2019 0:00,2:00:00,PM,257,1120,0.44,112
4/7/2019 0:00,3:00:00,PM,257,1120,0.32,112
4/7/2019 0:00,4:00:00,PM,257,1120,0.02,112
4/7/2019 0:00,5:00:00,PM,257,1118,-0.32,111.8
4/7/2019 0:00,6:00:00,PM,259,1118,-1.04,111.8
4/7/2019 0:00,7:00:00,PM,259,1118,-2.28,111.8
4/7/2019 0:00,8:00:00,PM,259,1120,-2.94,112
4/7/2019 0:00,9:00:00,PM,259,1115,-2.6,111.5
4/7/2019 0:00,10:00:00,PM,259,1115,-2.59,111.5
4/7/2019 0:00,11:00:00,PM,259,1113,-3.17,111.3
4/8/2019 0:00,12:00:00,AM,259,1115,-2.91,111.5
4/8/2019 0:00,1:00:00,AM,259,1113,-1.99,111.3
4/8/2019 0:00,2:00:00,AM,259,1113,-1.95,111.3
4/8/2019 0:00,3:00:00,AM,259,1115,-1.38,111.5
4/8/2019 0:00,4:00:00,AM,259,1113,-0.83,111.3
4/8/2019 0:00,5:00:00,AM,259,1113,-0.66,111.3
4/8/2019 0:00,6:00:00,AM,259,1113,-0.36,111.3
4/8/2019 0:00,7:00:00,AM,257,1110,0.23,111
4/8/2019 0:00,8:00:00,AM,257,1113,0.48,111.3
4/8/2019 0:00,9:00:00,AM,254,1113,0.47,111.3
4/8/2019 0:00,10:00:00,AM,254,1113,0.45,111.3
4/8/2019 0:00,11:00:00,AM,254,1110,0.49,111
4/8/2019 0:00,12:00:00,PM,251,1110,0.49,111
4/8/2019 0:00,1:00:00,PM,251,1110,0.49,111
4/8/2019 0:00,2:00:00,PM,251,1107,0.49,110.7
4/8/2019 0:00,3:00:00,PM,249,1107,0.46,110.7
4/8/2019 0:00,4:00:00,PM,249,1102,0.48,110.2
4/8/2019 0:00,5:00:00,PM,249,1105,0.49,110.5
4/8/2019 0:00,6:00:00,PM,251,1105,0.44,110.5
4/8/2019 0:00,7:00:00,PM,251,1105,0.49,110.5
4/8/2019 0:00,8:00:00,PM,251,1105,0.49,110.5
4/8/2019 0:00,9:00:00,PM,251,1105,0.49,110.5
4/8/2019 0:00,10:00:00,PM,251,1105,0.49,110.5
4/8/2019 0:00,11:00:00,PM,251,1105,0.49,110.5
4/9/2019 0:00,12:00:00,AM,251,1105,0.49,110.5
4/9/2019 0:00,1:00:00,AM,251,1107,0.46,110.7
4/9/2019 0:00,2:00:00,AM,251,1102,0.34,110.2
4/9/2019 0:00,3:00:00,AM,251,1102,-0.28,110.2
4/9/2019 0:00,4:00:00,AM,251,1100,-0.83,110
4/9/2019 0:00,5:00:00,AM,251,1105,-1.61,110.5
4/9/2019 0:00,6:00:00,AM,251,1105,-2.11,110.5
4/9/2019 0:00,7:00:00,AM,249,1095,-2.4,109.5
4/9/2019 0:00,8:00:00,AM,249,1097,-2.91,109.7
4/9/2019 0:00,9:00:00,AM,249,1095,-3.3,109.5
4/9/2019 0:00,10:00:00,AM,246,1092,-3,109.2
4/9/2019 0:00,11:00:00,AM,246,1097,-2.05,109.7
4/9/2019 0:00,12:00:00,PM,246,1095,-2.83,109.5
4/9/2019 0:00,1:00:00,PM,249,1097,-2.73,109.7
4/9/2019 0:00,2:00:00,PM,246,1095,-2.87,109.5
4/9/2019 0:00,3:00:00,PM,249,1097,-5.48,109.7
4/9/2019 0:00,4:00:00,PM,249,1097,-6.16,109.7
4/9/2019 0:00,5:00:00,PM,249,1092,-6.68,109.2
4/9/2019 0:00,6:00:00,PM,249,1095,-10.34,109.5
4/9/2019 0:00,7:00:00,PM,251,1097,-9.43,109.7
4/9/2019 0:00,8:00:00,PM,251,1095,-10.53,109.5
4/9/2019 0:00,9:00:00,PM,251,1095,-9.9,109.5
4/9/2019 0:00,10:00:00,PM,251,1095,-7.93,109.5
4/9/2019 0:00,11:00:00,PM,251,1095,-7.9,109.5
4/10/2019 0:00,12:00:00,AM,251,1095,-10.6,109.5
4/10/2019 0:00,1:00:00,AM,251,1095,-12.84,109.5
4/10/2019 0:00,2:00:00,AM,251,1097,-15.39,109.7
4/10/2019 0:00,3:00:00,AM,251,1095,-16.25,109.5
4/10/2019 0:00,4:00:00,AM,251,1097,-16.81,109.7
4/10/2019 0:00,5:00:00,AM,251,1095,-17.26,109.5
4/10/2019 0:00,6:00:00,AM,251,1095,-15.34,109.5
4/10/2019 0:00,7:00:00,AM,249,1092,-13.55,109.2
4/10/2019 0:00,8:00:00,AM,246,1085,-10.33,108.5
4/10/2019 0:00,9:00:00,AM,246,1080,-7.68,108
4/10/2019 0:00,10:00:00,AM,246,1074,-5.85,107.4
4/10/2019 0:00,11:00:00,AM,246,1085,-4.6,108.5
4/10/2019 0:00,12:00:00,PM,246,1085,-3.23,108.5
4/10/2019 0:00,1:00:00,PM,246,1090,-2.42,109
4/10/2019 0:00,2:00:00,PM,246,1092,-2.52,109.2
4/10/2019 0:00,3:00:00,PM,246,1090,-3.17,109
4/10/2019 0:00,4:00:00,PM,246,1092,-4.27,109.2
4/10/2019 0:00,5:00:00,PM,246,1090,-6.46,109
4/10/2019 0:00,6:00:00,PM,249,1092,-8.92,109.2
4/10/2019 0:00,7:00:00,PM,249,1092,-9.95,109.2
4/10/2019 0:00,8:00:00,PM,249,1092,-11.16,109.2
4/10/2019 0:00,9:00:00,PM,249,1090,-12.15,109
4/10/2019 0:00,10:00:00,PM,249,1092,-12.92,109.2
4/10/2019 0:00,11:00:00,PM,249,1090,-13.7,109
4/11/2019 0:00,12:00:00,AM,249,1092,-14.33,109.2
4/11/2019 0:00,1:00:00,AM,249,1090,-14.77,109
4/11/2019 0:00,2:00:00,AM,249,1092,-15.02,109.2
4/11/2019 0:00,3:00:00,AM,249,1092,-15.69,109.2
4/11/2019 0:00,4:00:00,AM,249,1090,-16.26,109
4/11/2019 0:00,5:00:00,AM,249,1090,-16.14,109
4/11/2019 0:00,6:00:00,AM,246,1085,-14.82,108.5
4/11/2019 0:00,7:00:00,AM,244,1085,-11.3,108.5
4/11/2019 0:00,8:00:00,AM,246,1080,-8.49,108
4/11/2019 0:00,9:00:00,AM,244,1080,-4.9,108
4/11/2019 0:00,10:00:00,AM,246,1074,-4.52,107.4
4/11/2019 0:00,11:00:00,AM,246,1080,-3.96,108
4/11/2019 0:00,12:00:00,PM,246,1080,-2,108
4/11/2019 0:00,1:00:00,PM,244,1077,-1.34,107.7
4/11/2019 0:00,2:00:00,PM,246,1082,-1.79,108.2
4/11/2019 0:00,3:00:00,PM,246,1085,-2.21,108.5
4/11/2019 0:00,4:00:00,PM,246,1082,-2.89,108.2
4/11/2019 0:00,5:00:00,PM,246,1082,-3.42,108.2
4/11/2019 0:00,6:00:00,PM,246,1082,-3.65,108.2
4/11/2019 0:00,7:00:00,PM,246,1082,-3.9,108.2
4/11/2019 0:00,8:00:00,PM,249,1085,-4.61,108.5
4/11/2019 0:00,9:00:00,PM,249,1087,-4.99,108.7
4/11/2019 0:00,10:00:00,PM,246,1087,-5.47,108.7
4/11/2019 0:00,11:00:00,PM,246,1087,-5.87,108.7
4/12/2019 0:00,12:00:00,AM,246,1090,-6.36,109
4/12/2019 0:00,1:00:00,AM,246,1090,-6.52,109
4/12/2019 0:00,2:00:00,AM,246,1092,-6.77,109.2
4/12/2019 0:00,3:00:00,AM,246,1095,-7.55,109.5
4/12/2019 0:00,4:00:00,AM,246,1092,-11.83,109.2
4/12/2019 0:00,5:00:00,AM,246,1092,-10.47,109.2
4/12/2019 0:00,6:00:00,AM,246,1090,-7.24,109
4/12/2019 0:00,7:00:00,AM,244,1090,-6.55,109
4/12/2019 0:00,8:00:00,AM,244,1087,-5.73,108.7
4/12/2019 0:00,9:00:00,AM,244,1080,-4.59,108
4/12/2019 0:00,10:00:00,AM,244,1077,-3.41,107.7
4/12/2019 0:00,11:00:00,AM,241,1077,-2.04,107.7
4/12/2019 0:00,12:00:00,PM,241,1074,-2.46,107.4
4/12/2019 0:00,1:00:00,PM,244,1080,-2.12,108
4/12/2019 0:00,2:00:00,PM,244,1082,-2.12,108.2
4/12/2019 0:00,3:00:00,PM,244,1080,-3.14,108
4/12/2019 0:00,4:00:00,PM,241,1082,-4.58,108.2
4/12/2019 0:00,5:00:00,PM,241,1082,-7.39,108.2
4/12/2019 0:00,6:00:00,PM,244,1082,-11.27,108.2
4/12/2019 0:00,7:00:00,PM,246,1085,-11.46,108.5
4/12/2019 0:00,8:00:00,PM,246,1080,-10.19,108
4/12/2019 0:00,9:00:00,PM,246,1082,-11.34,108.2
4/12/2019 0:00,10:00:00,PM,246,1082,-12.8,108.2
4/12/2019 0:00,11:00:00,PM,246,1085,-13.63,108.5
4/13/2019 0:00,12:00:00,AM,246,1085,-15.52,108.5
4/13/2019 0:00,1:00:00,AM,246,1082,-17.41,108.2
4/13/2019 0:00,2:00:00,AM,246,1082,-15.74,108.2
4/13/2019 0:00,3:00:00,AM,246,1082,-15.92,108.2
4/13/2019 0:00,4:00:00,AM,246,1087,-16.1,108.7
4/13/2019 0:00,5:00:00,AM,246,1085,-15.89,108.5
4/13/2019 0:00,6:00:00,AM,246,1087,-14.32,108.7
4/13/2019 0:00,7:00:00,AM,241,1085,-8.41,108.5
4/13/2019 0:00,8:00:00,AM,244,1080,-4.55,108
4/13/2019 0:00,9:00:00,AM,241,1080,-1.93,108
4/13/2019 0:00,10:00:00,AM,239,1072,0.04,107.2
4/13/2019 0:00,11:00:00,AM,239,1067,0.02,106.7
4/13/2019 0:00,12:00:00,PM,239,1069,0.17,106.9
4/13/2019 0:00,1:00:00,PM,239,1074,0.33,107.4
4/13/2019 0:00,2:00:00,PM,239,1072,0.39,107.2
4/13/2019 0:00,3:00:00,PM,239,1077,0.31,107.7
4/13/2019 0:00,4:00:00,PM,239,1074,0.34,107.4
4/13/2019 0:00,5:00:00,PM,239,1072,-0.15,107.2
4/13/2019 0:00,6:00:00,PM,239,1074,-0.75,107.4
4/13/2019 0:00,7:00:00,PM,241,1069,-1.32,106.9
4/13/2019 0:00,8:00:00,PM,241,1074,-1.29,107.4
4/13/2019 0:00,9:00:00,PM,241,1072,-1.38,107.2
4/13/2019 0:00,10:00:00,PM,241,1074,-1.65,107.4
4/13/2019 0:00,11:00:00,PM,241,1074,-2.47,107.4
4/14/2019 0:00,12:00:00,AM,241,1072,-3.03,107.2
4/14/2019 0:00,1:00:00,AM,241,1069,-3.66,106.9
4/14/2019 0:00,2:00:00,AM,239,1069,-4.21,106.9
4/14/2019 0:00,3:00:00,AM,241,1072,-4.72,107.2
4/14/2019 0:00,4:00:00,AM,241,1069,-4.86,106.9
4/14/2019 0:00,5:00:00,AM,241,1069,-5.14,106.9
4/14/2019 0:00,6:00:00,AM,241,1069,-4.1,106.9
4/14/2019 0:00,7:00:00,AM,241,1069,-2.51,106.9
4/14/2019 0:00,8:00:00,AM,239,1067,-0.85,106.7
4/14/2019 0:00,9:00:00,AM,239,1059,0.34,105.9
4/14/2019 0:00,10:00:00,AM,239,1064,0.38,106.4
4/14/2019 0:00,11:00:00,AM,239,1067,0.42,106.7
4/14/2019 0:00,12:00:00,PM,236,1064,0.41,106.4
4/14/2019 0:00,1:00:00,PM,236,1067,0.46,106.7
4/14/2019 0:00,2:00:00,PM,234,1067,0.4,106.7
4/14/2019 0:00,3:00:00,PM,236,1064,0.4,106.4
4/14/2019 0:00,4:00:00,PM,236,1064,0.28,106.4
4/14/2019 0:00,5:00:00,PM,236,1059,0.02,105.9
4/14/2019 0:00,6:00:00,PM,236,1059,0.11,105.9
4/14/2019 0:00,7:00:00,PM,236,1059,0.03,105.9
4/14/2019 0:00,8:00:00,PM,236,1062,-0.15,106.2
4/14/2019 0:00,9:00:00,PM,236,1059,-0.26,105.9
4/14/2019 0:00,10:00:00,PM,236,1057,-1.09,105.7
4/14/2019 0:00,11:00:00,PM,236,1057,-1.13,105.7
4/15/2019 0:00,12:00:00,AM,236,1059,-0.94,105.9
4/15/2019 0:00,1:00:00,AM,239,1059,-1.1,105.9
4/15/2019 0:00,2:00:00,AM,236,1057,-1.51,105.7
4/15/2019 0:00,3:00:00,AM,236,1059,-1.48,105.9
4/15/2019 0:00,4:00:00,AM,236,1059,-1.78,105.9
4/15/2019 0:00,5:00:00,AM,236,1057,-1.94,105.7
4/15/2019 0:00,6:00:00,AM,239,1059,-1.69,105.9
4/15/2019 0:00,7:00:00,AM,236,1057,-0.93,105.7
4/15/2019 0:00,8:00:00,AM,236,1057,-0.61,105.7
4/15/2019 0:00,9:00:00,AM,236,1059,-0.63,105.9
4/15/2019 0:00,10:00:00,AM,234,1059,-0.63,105.9
4/15/2019 0:00,11:00:00,AM,234,1059,-0.42,105.9
4/15/2019 0:00,12:00:00,PM,234,1057,-0.3,105.7
4/15/2019 0:00,1:00:00,PM,234,1054,-0.54,105.4
4/15/2019 0:00,2:00:00,PM,234,1054,-0.69,105.4
4/15/2019 0:00,3:00:00,PM,234,1054,-0.73,105.4
4/15/2019 0:00,4:00:00,PM,236,1054,-1.32,105.4
4/15/2019 0:00,5:00:00,PM,236,1054,-1.7,105.4
4/15/2019 0:00,6:00:00,PM,239,1054,-2.48,105.4
4/15/2019 0:00,7:00:00,PM,239,1054,-2.95,105.4
4/15/2019 0:00,8:00:00,PM,239,1054,-3.19,105.4
4/15/2019 0:00,9:00:00,PM,239,1054,-3.09,105.4
4/15/2019 0:00,10:00:00,PM,241,1054,-3.12,105.4
4/15/2019 0:00,11:00:00,PM,239,1052,-3.32,105.2
4/16/2019 0:00,12:00:00,AM,239,1054,-3.57,105.4
4/16/2019 0:00,1:00:00,AM,239,1052,-4.16,105.2
4/16/2019 0:00,2:00:00,AM,236,1054,-4.59,105.4
4/16/2019 0:00,3:00:00,AM,239,1054,-4.56,105.4
4/16/2019 0:00,4:00:00,AM,241,1052,-4.67,105.2
4/16/2019 0:00,5:00:00,AM,241,1054,-5.17,105.4
4/16/2019 0:00,6:00:00,AM,241,1049,-4.72,104.9
4/16/2019 0:00,7:00:00,AM,239,1049,-5.02,104.9
4/16/2019 0:00,8:00:00,AM,236,1052,-3.81,105.2
4/16/2019 0:00,9:00:00,AM,231,1052,-3.09,105.2
4/16/2019 0:00,10:00:00,AM,234,1052,-0.81,105.2
4/16/2019 0:00,11:00:00,AM,234,1052,-0.56,105.2
4/16/2019 0:00,12:00:00,PM,231,1054,-0.47,105.4
4/16/2019 0:00,1:00:00,PM,231,1054,-0.3,105.4
4/16/2019 0:00,2:00:00,PM,231,1054,-0.49,105.4
4/16/2019 0:00,3:00:00,PM,231,1054,-2.06,105.4
4/16/2019 0:00,4:00:00,PM,229,1054,-2.47,105.4
4/16/2019 0:00,5:00:00,PM,231,1052,-4.56,105.2
4/16/2019 0:00,6:00:00,PM,231,1049,-7.52,104.9
4/16/2019 0:00,7:00:00,PM,234,1052,-8.81,105.2
4/16/2019 0:00,8:00:00,PM,234,1052,-9.9,105.2
4/16/2019 0:00,9:00:00,PM,234,1052,-10.73,105.2
4/16/2019 0:00,10:00:00,PM,234,1054,-11.62,105.4
4/16/2019 0:00,11:00:00,PM,234,1054,-12.72,105.4
4/17/2019 0:00,12:00:00,AM,234,1052,-12.72,105.2
4/17/2019 0:00,1:00:00,AM,234,1054,-13.91,105.4
4/17/2019 0:00,2:00:00,AM,234,1054,-14.64,105.4
4/17/2019 0:00,3:00:00,AM,234,1057,-15.16,105.7
4/17/2019 0:00,4:00:00,AM,231,1057,-15.08,105.7
4/17/2019 0:00,5:00:00,AM,234,1059,-15.7,105.9
4/17/2019 0:00,6:00:00,AM,231,1057,-13.24,105.7
4/17/2019 0:00,7:00:00,AM,229,1057,-8.95,105.7
4/17/2019 0:00,8:00:00,AM,231,1049,-5.64,104.9
4/17/2019 0:00,9:00:00,AM,231,1041,-2.65,104.1
4/17/2019 0:00,10:00:00,AM,229,1034,-0.58,103.4
4/17/2019 0:00,11:00:00,AM,226,1041,0.44,104.1
4/17/2019 0:00,12:00:00,PM,229,1044,0.39,104.4
4/17/2019 0:00,1:00:00,PM,226,1044,0.34,104.4
4/17/2019 0:00,2:00:00,PM,226,1044,0.31,104.4
4/17/2019 0:00,3:00:00,PM,224,1044,0.19,104.4
4/17/2019 0:00,4:00:00,PM,226,1044,-0.03,104.4
4/17/2019 0:00,5:00:00,PM,224,1044,-0.32,104.4
4/17/2019 0:00,6:00:00,PM,226,1044,-1.39,104.4
4/17/2019 0:00,7:00:00,PM,226,1046,-2.53,104.6
4/17/2019 0:00,8:00:00,PM,229,1046,-3.23,104.6
4/17/2019 0:00,9:00:00,PM,229,1046,-4.43,104.6
4/17/2019 0:00,10:00:00,PM,229,1046,-5.56,104.6
4/17/2019 0:00,11:00:00,PM,229,1049,-7.27,104.9
4/18/2019 0:00,12:00:00,AM,229,1052,-8.8,105.2
4/18/2019 0:00,1:00:00,AM,226,1054,-9.65,105.4
4/18/2019 0:00,2:00:00,AM,226,1054,-10.38,105.4
4/18/2019 0:00,3:00:00,AM,226,1054,-10.57,105.4
4/18/2019 0:00,4:00:00,AM,226,1054,-10.58,105.4
4/18/2019 0:00,5:00:00,AM,226,1054,-10.05,105.4
4/18/2019 0:00,6:00:00,AM,224,1054,-7.49,105.4
4/18/2019 0:00,7:00:00,AM,224,1049,-4.27,104.9
4/18/2019 0:00,8:00:00,AM,226,1034,-0.89,103.4
4/18/2019 0:00,9:00:00,AM,226,1019,0.33,101.9
4/18/2019 0:00,10:00:00,AM,221,1026,0.35,102.6
4/18/2019 0:00,11:00:00,AM,224,1031,0.3,103.1
4/18/2019 0:00,12:00:00,PM,224,1034,0.49,103.4
4/18/2019 0:00,1:00:00,PM,221,1034,0.49,103.4
4/18/2019 0:00,2:00:00,PM,221,1031,0.49,103.1
4/18/2019 0:00,3:00:00,PM,218,1031,0.49,103.1
4/18/2019 0:00,4:00:00,PM,221,1034,0.49,103.4
4/18/2019 0:00,5:00:00,PM,218,1034,0.38,103.4
4/18/2019 0:00,6:00:00,PM,218,1034,-0.38,103.4
4/18/2019 0:00,7:00:00,PM,224,1031,-1.28,103.1
4/18/2019 0:00,8:00:00,PM,224,1031,-2.64,103.1
4/18/2019 0:00,9:00:00,PM,224,1034,-3.83,103.4
4/18/2019 0:00,10:00:00,PM,224,1036,-4.55,103.6
4/18/2019 0:00,11:00:00,PM,224,1036,-5.16,103.6
4/19/2019 0:00,12:00:00,AM,224,1039,-4.45,103.9
4/19/2019 0:00,1:00:00,AM,224,1039,-2.57,103.9
4/19/2019 0:00,2:00:00,AM,224,1039,-2.45,103.9
4/19/2019 0:00,3:00:00,AM,224,1039,-2.46,103.9
4/19/2019 0:00,4:00:00,AM,224,1039,-2.89,103.9
4/19/2019 0:00,5:00:00,AM,224,1039,-3.33,103.9
4/19/2019 0:00,6:00:00,AM,224,1036,-2.55,103.6
4/19/2019 0:00,7:00:00,AM,221,1026,-0.35,102.6
4/19/2019 0:00,8:00:00,AM,218,1008,-0.21,100.8
4/19/2019 0:00,9:00:00,AM,216,1008,0.49,100.8
4/19/2019 0:00,10:00:00,AM,216,1019,0.49,101.9
4/19/2019 0:00,11:00:00,AM,216,1019,0.42,101.9
4/19/2019 0:00,12:00:00,PM,216,1019,0.49,101.9
4/19/2019 0:00,1:00:00,PM,216,1019,0.49,101.9
4/19/2019 0:00,2:00:00,PM,216,1016,0.49,101.6
4/19/2019 0:00,3:00:00,PM,216,1013,0.49,101.3
4/19/2019 0:00,4:00:00,PM,216,1013,0.49,101.3
4/19/2019 0:00,5:00:00,PM,216,1013,0.49,101.3
4/19/2019 0:00,6:00:00,PM,216,1011,0.47,101.1
4/19/2019 0:00,7:00:00,PM,216,1011,0.42,101.1
4/19/2019 0:00,8:00:00,PM,218,1013,0.4,101.3
4/19/2019 0:00,9:00:00,PM,218,1013,0.21,101.3
4/19/2019 0:00,10:00:00,PM,218,1011,-0.14,101.1
4/19/2019 0:00,11:00:00,PM,218,1011,0.16,101.1
4/20/2019 0:00,12:00:00,AM,218,1011,-0.3,101.1
4/20/2019 0:00,1:00:00,AM,216,1011,-0.76,101.1
4/20/2019 0:00,2:00:00,AM,218,1011,-1.08,101.1
4/20/2019 0:00,3:00:00,AM,218,1008,-0.8,100.8
4/20/2019 0:00,4:00:00,AM,218,1006,-1.2,100.6
4/20/2019 0:00,5:00:00,AM,218,1006,0.01,100.6
4/20/2019 0:00,6:00:00,AM,218,1006,0.38,100.6
4/20/2019 0:00,7:00:00,AM,218,1003,0.14,100.3
4/20/2019 0:00,8:00:00,AM,218,1006,0.38,100.6
4/20/2019 0:00,9:00:00,AM,216,1001,0.44,100.1
4/20/2019 0:00,10:00:00,AM,216,1001,0.48,100.1
4/20/2019 0:00,11:00:00,AM,216,1001,0.38,100.1
4/20/2019 0:00,12:00:00,PM,213,1001,0.35,100.1
4/20/2019 0:00,1:00:00,PM,213,1001,0.3,100.1
4/20/2019 0:00,2:00:00,PM,213,1001,0.39,100.1
4/20/2019 0:00,3:00:00,PM,213,998,0.07,99.8
4/20/2019 0:00,4:00:00,PM,213,998,0.03,99.8
4/20/2019 0:00,5:00:00,PM,213,998,-0.02,99.8
4/20/2019 0:00,6:00:00,PM,216,996,-0.6,99.6
4/20/2019 0:00,7:00:00,PM,216,996,-0.8,99.6
4/20/2019 0:00,8:00:00,PM,216,993,-2.24,99.3
4/20/2019 0:00,9:00:00,PM,216,993,-2.25,99.3
4/20/2019 0:00,10:00:00,PM,216,993,-2.56,99.3
4/20/2019 0:00,11:00:00,PM,216,996,-3.02,99.6
4/21/2019 0:00,12:00:00,AM,216,1003,-3.81,100.3
4/21/2019 0:00,1:00:00,AM,216,998,-4.75,99.8
4/21/2019 0:00,2:00:00,AM,216,1001,-6.22,100.1
4/21/2019 0:00,3:00:00,AM,216,1001,-6.53,100.1
4/21/2019 0:00,4:00:00,AM,216,1003,-7.68,100.3
4/21/2019 0:00,5:00:00,AM,216,1003,-9.05,100.3
4/21/2019 0:00,6:00:00,AM,216,1003,-8.24,100.3
4/21/2019 0:00,7:00:00,AM,213,1001,-6.13,100.1
4/21/2019 0:00,8:00:00,AM,213,991,-3.14,99.1
4/21/2019 0:00,9:00:00,AM,213,980,-1.08,98
4/21/2019 0:00,10:00:00,AM,213,983,0.1,98.3
4/21/2019 0:00,11:00:00,AM,211,988,0.19,98.8
4/21/2019 0:00,12:00:00,PM,211,988,0.13,98.8
4/21/2019 0:00,1:00:00,PM,211,988,0.11,98.8
4/21/2019 0:00,2:00:00,PM,208,986,0.04,98.6
4/21/2019 0:00,3:00:00,PM,208,986,-0.81,98.6
4/21/2019 0:00,4:00:00,PM,208,983,-1.17,98.3
4/21/2019 0:00,5:00:00,PM,208,983,-1.62,98.3
4/21/2019 0:00,6:00:00,PM,211,983,-1.85,98.3
4/21/2019 0:00,7:00:00,PM,211,986,-2.53,98.6
4/21/2019 0:00,8:00:00,PM,211,988,-4.86,98.8
4/21/2019 0:00,9:00:00,PM,211,991,-6.88,99.1
4/21/2019 0:00,10:00:00,PM,211,993,-7.33,99.3
4/21/2019 0:00,11:00:00,PM,211,996,-7.67,99.6
4/22/2019 0:00,12:00:00,AM,211,998,-7.73,99.8
4/22/2019 0:00,1:00:00,AM,211,998,-7.91,99.8
4/22/2019 0:00,2:00:00,AM,211,1001,-8.01,100.1
4/22/2019 0:00,3:00:00,AM,211,1001,-8.04,100.1
4/22/2019 0:00,4:00:00,AM,211,1001,-8.13,100.1
4/22/2019 0:00,5:00:00,AM,211,1001,-7.87,100.1
4/22/2019 0:00,6:00:00,AM,211,1001,-6.22,100.1
4/22/2019 0:00,7:00:00,AM,208,993,-4.47,99.3
4/22/2019 0:00,8:00:00,AM,208,975,-2.2,97.5
4/22/2019 0:00,9:00:00,AM,208,958,-0.77,95.8
4/22/2019 0:00,10:00:00,AM,208,963,-0.12,96.3
4/22/2019 0:00,11:00:00,AM,203,973,0.09,97.3
4/22/2019 0:00,12:00:00,PM,206,973,0.07,97.3
4/22/2019 0:00,1:00:00,PM,203,973,0.06,97.3
4/22/2019 0:00,2:00:00,PM,203,973,0,97.3
4/22/2019 0:00,3:00:00,PM,206,970,-0.26,97
4/22/2019 0:00,4:00:00,PM,203,970,-0.48,97
4/22/2019 0:00,5:00:00,PM,203,970,-0.85,97
4/22/2019 0:00,6:00:00,PM,206,975,-2,97.5
4/22/2019 0:00,7:00:00,PM,208,978,-3.11,97.8
4/22/2019 0:00,8:00:00,PM,208,980,-3.82,98
4/22/2019 0:00,9:00:00,PM,206,980,-4.42,98
4/22/2019 0:00,10:00:00,PM,206,983,-4.87,98.3
4/22/2019 0:00,11:00:00,PM,206,986,-5.33,98.6
4/23/2019 0:00,12:00:00,AM,208,991,-6.05,99.1
4/23/2019 0:00,1:00:00,AM,208,993,-6.37,99.3
4/23/2019 0:00,2:00:00,AM,208,993,-6.27,99.3
4/23/2019 0:00,3:00:00,AM,208,993,-6.71,99.3
4/23/2019 0:00,4:00:00,AM,208,991,-7.18,99.1
4/23/2019 0:00,5:00:00,AM,208,988,-7,98.8
4/23/2019 0:00,6:00:00,AM,206,986,-4.73,98.6
4/23/2019 0:00,7:00:00,AM,203,978,-2.12,97.8
4/23/2019 0:00,8:00:00,AM,203,947,0.02,94.7
4/23/2019 0:00,9:00:00,AM,203,942,0.36,94.2
4/23/2019 0:00,10:00:00,AM,203,955,0.34,95.5
4/23/2019 0:00,11:00:00,AM,201,960,0.41,96
4/23/2019 0:00,12:00:00,PM,201,960,0.49,96
4/23/2019 0:00,1:00:00,PM,201,958,0.49,95.8
4/23/2019 0:00,2:00:00,PM,198,955,0.49,95.5
4/23/2019 0:00,3:00:00,PM,198,955,0.49,95.5
4/23/2019 0:00,4:00:00,PM,198,960,0.49,96
4/23/2019 0:00,5:00:00,PM,196,963,0.47,96.3
4/23/2019 0:00,6:00:00,PM,198,965,0.08,96.5
4/23/2019 0:00,7:00:00,PM,201,968,-0.6,96.8
4/23/2019 0:00,8:00:00,PM,203,970,-1.13,97
4/23/2019 0:00,9:00:00,PM,203,970,-2.04,97
4/23/2019 0:00,10:00:00,PM,203,970,-2.84,97
4/23/2019 0:00,11:00:00,PM,203,970,-3.17,97
4/24/2019 0:00,12:00:00,AM,203,970,-3.49,97
4/24/2019 0:00,1:00:00,AM,203,970,-4.06,97
4/24/2019 0:00,2:00:00,AM,203,970,-4.48,97
4/24/2019 0:00,3:00:00,AM,201,970,-4.9,97
4/24/2019 0:00,4:00:00,AM,201,970,-5.37,97
4/24/2019 0:00,5:00:00,AM,201,970,-5.48,97
4/24/2019 0:00,6:00:00,AM,198,968,-3.96,96.8
4/24/2019 0:00,7:00:00,AM,198,960,-0.71,96
4/24/2019 0:00,8:00:00,AM,198,942,0.36,94.2
4/24/2019 0:00,9:00:00,AM,198,942,0.49,94.2
4/24/2019 0:00,10:00:00,AM,198,950,0.49,95
4/24/2019 0:00,11:00:00,AM,196,950,0.49,95
4/24/2019 0:00,12:00:00,PM,193,947,0.49,94.7
4/24/2019 0:00,1:00:00,PM,193,945,0.49,94.5
4/24/2019 0:00,2:00:00,PM,193,942,0.49,94.2
4/24/2019 0:00,3:00:00,PM,193,945,0.46,94.5
4/24/2019 0:00,4:00:00,PM,193,950,0.49,95
4/24/2019 0:00,5:00:00,PM,190,952,0.49,95.2
4/24/2019 0:00,6:00:00,PM,193,958,0.43,95.8
4/24/2019 0:00,7:00:00,PM,196,958,0.24,95.8
4/24/2019 0:00,8:00:00,PM,196,958,-0.31,95.8
4/24/2019 0:00,9:00:00,PM,196,955,-0.94,95.5
4/24/2019 0:00,10:00:00,PM,196,955,-1.42,95.5
4/24/2019 0:00,11:00:00,PM,196,955,-1.42,95.5
4/25/2019 0:00,12:00:00,AM,196,955,-1.86,95.5
4/25/2019 0:00,1:00:00,AM,196,958,-1.51,95.8
4/25/2019 0:00,2:00:00,AM,198,958,-0.8,95.8
4/25/2019 0:00,3:00:00,AM,196,955,-0.34,95.5
4/25/2019 0:00,4:00:00,AM,198,955,-0.45,95.5
4/25/2019 0:00,5:00:00,AM,196,952,-0.9,95.2
4/25/2019 0:00,6:00:00,AM,196,947,-0.25,94.7
4/25/2019 0:00,7:00:00,AM,190,945,0.49,94.5
4/25/2019 0:00,8:00:00,AM,193,922,0.39,92.2
4/25/2019 0:00,9:00:00,AM,190,922,0.39,92.2
4/25/2019 0:00,10:00:00,AM,188,932,0.49,93.2
4/25/2019 0:00,11:00:00,AM,188,932,0.49,93.2
4/25/2019 0:00,12:00:00,PM,188,930,0.49,93
4/25/2019 0:00,1:00:00,PM,188,930,0.49,93
4/25/2019 0:00,2:00:00,PM,188,927,0.49,92.7
4/25/2019 0:00,3:00:00,PM,188,930,0.49,93
4/25/2019 0:00,4:00:00,PM,188,932,0.49,93.2
4/25/2019 0:00,5:00:00,PM,188,932,0.49,93.2
4/25/2019 0:00,6:00:00,PM,188,932,0.38,93.2
4/25/2019 0:00,7:00:00,PM,188,932,0.38,93.2
4/25/2019 0:00,8:00:00,PM,190,930,0.35,93
4/25/2019 0:00,9:00:00,PM,190,930,0.28,93
4/25/2019 0:00,10:00:00,PM,190,930,0.19,93
4/25/2019 0:00,11:00:00,PM,193,932,0.11,93.2
4/26/2019 0:00,12:00:00,AM,190,932,0.04,93.2
4/26/2019 0:00,1:00:00,AM,190,930,-0.07,93
4/26/2019 0:00,2:00:00,AM,190,930,-0.16,93
4/26/2019 0:00,3:00:00,AM,185,927,-0.4,92.7
4/26/2019 0:00,4:00:00,AM,188,930,-0.71,93
4/26/2019 0:00,5:00:00,AM,190,932,-0.53,93.2
4/26/2019 0:00,6:00:00,AM,188,935,-0.32,93.5
4/26/2019 0:00,7:00:00,AM,190,925,0.11,92.5
4/26/2019 0:00,8:00:00,AM,188,909,0.31,90.9
4/26/2019 0:00,9:00:00,AM,188,907,0.39,90.7
4/26/2019 0:00,10:00:00,AM,188,914,0.48,91.4
4/26/2019 0:00,11:00:00,AM,185,914,0.44,91.4
4/26/2019 0:00,12:00:00,PM,185,912,0.49,91.2
4/26/2019 0:00,1:00:00,PM,185,909,0.49,90.9
4/26/2019 0:00,2:00:00,PM,183,909,0.49,90.9
4/26/2019 0:00,3:00:00,PM,183,909,0.45,90.9
4/26/2019 0:00,4:00:00,PM,183,912,0.46,91.2
4/26/2019 0:00,5:00:00,PM,183,912,0.44,91.2
4/26/2019 0:00,6:00:00,PM,183,912,0.4,91.2
4/26/2019 0:00,7:00:00,PM,185,912,0.32,91.2
4/26/2019 0:00,8:00:00,PM,185,909,0.22,90.9
4/26/2019 0:00,9:00:00,PM,188,912,0.17,91.2
4/26/2019 0:00,10:00:00,PM,188,912,0.09,91.2
4/26/2019 0:00,11:00:00,PM,188,914,-0.1,91.4
4/27/2019 0:00,12:00:00,AM,188,919,-0.25,91.9
4/27/2019 0:00,1:00:00,AM,188,922,-0.22,92.2
4/27/2019 0:00,2:00:00,AM,188,925,-0.59,92.5
4/27/2019 0:00,3:00:00,AM,185,925,-1.3,92.5
4/27/2019 0:00,4:00:00,AM,185,919,-1.87,91.9
4/27/2019 0:00,5:00:00,AM,188,917,-2.3,91.7
4/27/2019 0:00,6:00:00,AM,185,914,-1.48,91.4
4/27/2019 0:00,7:00:00,AM,185,899,-0.17,89.9
4/27/2019 0:00,8:00:00,AM,183,874,0.25,87.4
4/27/2019 0:00,9:00:00,AM,183,879,0.35,87.9
4/27/2019 0:00,10:00:00,AM,180,889,0.42,88.9
4/27/2019 0:00,11:00:00,AM,180,889,0.49,88.9
4/27/2019 0:00,12:00:00,PM,180,889,0.49,88.9
4/27/2019 0:00,1:00:00,PM,180,889,0.49,88.9
4/27/2019 0:00,2:00:00,PM,178,886,0.49,88.6
4/27/2019 0:00,3:00:00,PM,175,886,0.49,88.6
4/27/2019 0:00,4:00:00,PM,178,886,0.49,88.6
4/27/2019 0:00,5:00:00,PM,178,889,0.48,88.9
4/27/2019 0:00,6:00:00,PM,178,892,0.38,89.2
4/27/2019 0:00,7:00:00,PM,180,892,0.22,89.2
4/27/2019 0:00,8:00:00,PM,180,892,0.17,89.2
4/27/2019 0:00,9:00:00,PM,183,892,-0.32,89.2
4/27/2019 0:00,10:00:00,PM,180,892,-0.39,89.2
4/27/2019 0:00,11:00:00,PM,180,892,-1.02,89.2
4/28/2019 0:00,12:00:00,AM,180,892,-1.21,89.2
4/28/2019 0:00,1:00:00,AM,180,892,-1.51,89.2
4/28/2019 0:00,2:00:00,AM,180,892,-2.09,89.2
4/28/2019 0:00,3:00:00,AM,180,889,-2.78,88.9
4/28/2019 0:00,4:00:00,AM,180,889,-3.11,88.9
4/28/2019 0:00,5:00:00,AM,180,889,-3.24,88.9
4/28/2019 0:00,6:00:00,AM,180,886,-2.7,88.6
4/28/2019 0:00,7:00:00,AM,178,874,-1.41,87.4
4/28/2019 0:00,8:00:00,AM,178,861,-0.18,86.1
4/28/2019 0:00,9:00:00,AM,178,861,0.31,86.1
4/28/2019 0:00,10:00:00,AM,175,861,0.37,86.1
4/28/2019 0:00,11:00:00,AM,175,866,0.37,86.6
4/28/2019 0:00,12:00:00,PM,175,864,0.42,86.4
4/28/2019 0:00,1:00:00,PM,175,864,0.49,86.4
4/28/2019 0:00,2:00:00,PM,173,861,0.49,86.1
4/28/2019 0:00,3:00:00,PM,173,861,0.49,86.1
4/28/2019 0:00,4:00:00,PM,173,861,0.49,86.1
4/28/2019 0:00,5:00:00,PM,173,864,0.34,86.4
4/28/2019 0:00,6:00:00,PM,173,864,-0.25,86.4
4/28/2019 0:00,7:00:00,PM,175,864,-0.65,86.4
4/28/2019 0:00,8:00:00,PM,178,864,-0.95,86.4
4/28/2019 0:00,9:00:00,PM,178,866,-1.63,86.6
4/28/2019 0:00,10:00:00,PM,178,866,-1.82,86.6
4/28/2019 0:00,11:00:00,PM,175,866,-2.04,86.6
4/29/2019 0:00,12:00:00,AM,173,869,-2.29,86.9
4/29/2019 0:00,1:00:00,AM,170,866,-2.46,86.6
4/29/2019 0:00,2:00:00,AM,173,866,-2.76,86.6
4/29/2019 0:00,3:00:00,AM,173,864,-3.79,86.4
4/29/2019 0:00,4:00:00,AM,173,864,-3.74,86.4
4/29/2019 0:00,5:00:00,AM,173,861,-3.76,86.1
4/29/2019 0:00,6:00:00,AM,,861,-2.52,86.1
4/29/2019 0:00,7:00:00,AM,173,856,-0.64,85.6
4/29/2019 0:00,8:00:00,AM,173,836,0.37,83.6
4/29/2019 0:00,9:00:00,AM,170,831,0.33,83.1
4/29/2019 0:00,10:00:00,AM,170,833,0.42,83.3
4/29/2019 0:00,11:00:00,AM,168,841,0.44,84.1
4/29/2019 0:00,12:00:00,PM,168,843,0.49,84.3
4/29/2019 0:00,1:00:00,PM,170,841,0.49,84.1
4/29/2019 0:00,2:00:00,PM,168,838,0.48,83.8
4/29/2019 0:00,3:00:00,PM,168,838,0.45,83.8
4/29/2019 0:00,4:00:00,PM,168,838,0.36,83.8
4/29/2019 0:00,5:00:00,PM,168,841,0.2,84.1
4/29/2019 0:00,6:00:00,PM,170,841,-0.25,84.1
4/29/2019 0:00,7:00:00,PM,170,841,-0.52,84.1
4/29/2019 0:00,8:00:00,PM,170,843,-1.37,84.3
4/29/2019 0:00,9:00:00,PM,170,843,-1.9,84.3
4/29/2019 0:00,10:00:00,PM,170,848,-2.36,84.8
4/29/2019 0:00,11:00:00,PM,170,848,-2.8,84.8
