date,hour,am/pm,leavittlk_snowdepth_cm,leavittil_SWE_mm,,leavittmdw_SWE_mm,snow surface temperatureC,leavittmdw_snowdepth_mm,leavitt_snowtemp,leavit_swe_cm
4/1/2019 0:00,12:00:00,AM,513,2040,137,704,-9.13,5130,-8.33,13.7
4/1/2019 0:00,1:00:00,AM,513,2042,137,698,-7.45,5130,-6.65,13.7
4/1/2019 0:00,2:00:00,AM,511,2042,137,701,-7.4,5110,-6.6,13.7
4/1/2019 0:00,3:00:00,AM,511,2045,137,701,-7.84,5110,-7.04,13.7
4/1/2019 0:00,4:00:00,AM,511,2045,137,701,-6.74,5110,-5.94,13.7
4/1/2019 0:00,5:00:00,AM,513,2042,137,701,-6.42,5130,-5.62,13.7
4/1/2019 0:00,6:00:00,AM,511,2042,137,701,-6.13,5110,-5.33,13.7
4/1/2019 0:00,7:00:00,AM,511,2042,137,698,-4.62,5110,-3.82,13.7
4/1/2019 0:00,8:00:00,AM,508,2042,135,698,-2.81,5080,-2.01,13.5
4/1/2019 0:00,9:00:00,AM,508,2040,132,696,-0.47,5080,0.33,13.2
4/1/2019 0:00,10:00:00,AM,508,2042,132,696,-0.13,5080,0.67,13.2
4/1/2019 0:00,11:00:00,AM,508,2045,132,698,0,5080,0.8,13.2
4/1/2019 0:00,12:00:00,PM,508,2045,132,698,-0.03,5080,0.77,13.2
4/1/2019 0:00,1:00:00,PM,508,2047,132,701,0,5080,0.8,13.2
4/1/2019 0:00,2:00:00,PM,505,2050,132,698,0,5050,0.8,13.2
4/1/2019 0:00,3:00:00,PM,505,2055,130,704,-0.1,5050,0.7,13
4/1/2019 0:00,4:00:00,PM,505,2055,130,706,-0.07,5050,0.73,13
4/1/2019 0:00,5:00:00,PM,508,2057,132,701,-0.34,5080,0.46,13.2
4/1/2019 0:00,6:00:00,PM,508,2055,132,696,-0.62,5080,0.18,13.2
4/1/2019 0:00,7:00:00,PM,508,2055,132,693,-0.73,5080,0.07,13.2
4/1/2019 0:00,8:00:00,PM,511,2052,135,691,-1.23,5110,-0.43,13.5
4/1/2019 0:00,9:00:00,PM,513,2055,132,688,-1.94,5130,-1.14,13.2
4/1/2019 0:00,10:00:00,PM,513,2057,132,693,-2.17,5130,-1.37,13.2
4/1/2019 0:00,11:00:00,PM,516,2060,132,696,-2.2,5160,-1.4,13.2
4/2/2019 0:00,12:00:00,AM,513,2062,132,696,-2.41,5130,-1.61,13.2
4/2/2019 0:00,1:00:00,AM,518,2065,132,698,-2.74,5180,-1.94,13.2
4/2/2019 0:00,2:00:00,AM,518,2068,135,701,-2.57,5180,-1.77,13.5
4/2/2019 0:00,3:00:00,AM,521,2075,132,706,-2.48,5210,-1.68,13.2
4/2/2019 0:00,4:00:00,AM,521,2078,135,706,-2.58,5210,-1.78,13.5
4/2/2019 0:00,5:00:00,AM,521,2078,132,701,-2.76,5210,-1.96,13.2
4/2/2019 0:00,6:00:00,AM,521,2075,132,693,-2.88,5210,-2.08,13.2
4/2/2019 0:00,7:00:00,AM,523,2073,135,693,-3.07,5230,-2.27,13.5
4/2/2019 0:00,8:00:00,AM,521,2075,130,693,-2.31,5210,-1.51,13
4/2/2019 0:00,9:00:00,AM,523,2073,130,688,-2.04,5230,-1.24,13
4/2/2019 0:00,10:00:00,AM,521,2070,130,688,-2.05,5210,-1.25,13
4/2/2019 0:00,11:00:00,AM,523,2075,130,688,-2.62,5230,-1.82,13
4/2/2019 0:00,12:00:00,PM,526,2078,130,688,-2.89,5260,-2.09,13
4/2/2019 0:00,1:00:00,PM,523,2075,132,681,-3.05,5230,-2.25,13.2
4/2/2019 0:00,2:00:00,PM,528,2080,132,683,-3.62,5280,-2.82,13.2
4/2/2019 0:00,3:00:00,PM,528,2080,132,683,-3.76,5280,-2.96,13.2
4/2/2019 0:00,4:00:00,PM,533,2083,132,683,-4.05,5330,-3.25,13.2
4/2/2019 0:00,5:00:00,PM,536,2083,132,681,-4.1,5360,-3.3,13.2
4/2/2019 0:00,6:00:00,PM,536,2080,132,678,-4.02,5360,-3.22,13.2
4/2/2019 0:00,7:00:00,PM,536,2080,132,676,-4.16,5360,-3.36,13.2
4/2/2019 0:00,8:00:00,PM,533,2080,132,671,-4.34,5330,-3.54,13.2
4/2/2019 0:00,9:00:00,PM,536,2078,135,665,-5.53,5360,-4.73,13.5
4/2/2019 0:00,10:00:00,PM,536,2078,135,668,-8.01,5360,-7.21,13.5
4/2/2019 0:00,11:00:00,PM,533,2078,135,665,-9.39,5330,-8.59,13.5
4/3/2019 0:00,12:00:00,AM,533,2080,135,665,-9.53,5330,-8.73,13.5
4/3/2019 0:00,1:00:00,AM,533,2078,135,665,-7.84,5330,-7.04,13.5
4/3/2019 0:00,2:00:00,AM,533,2078,135,665,-8.79,5330,-7.99,13.5
4/3/2019 0:00,3:00:00,AM,533,2080,135,665,-10.07,5330,-9.27,13.5
4/3/2019 0:00,4:00:00,AM,533,2080,135,665,-11.41,5330,-10.61,13.5
4/3/2019 0:00,5:00:00,AM,533,2078,135,663,-11.82,5330,-11.02,13.5
4/3/2019 0:00,6:00:00,AM,533,2078,135,660,-11.36,5330,-10.56,13.5
4/3/2019 0:00,7:00:00,AM,531,2075,130,660,-9.66,5310,-8.86,13
4/3/2019 0:00,8:00:00,AM,528,2073,130,658,-6.71,5280,-5.91,13
4/3/2019 0:00,9:00:00,AM,528,2075,130,660,-3.54,5280,-2.74,13
4/3/2019 0:00,10:00:00,AM,528,2073,130,658,-1.33,5280,-0.53,13
4/3/2019 0:00,11:00:00,AM,528,2073,127,658,-1.06,5280,-0.26,12.7
4/3/2019 0:00,12:00:00,PM,526,2073,130,660,-0.72,5260,0.08,13
4/3/2019 0:00,1:00:00,PM,526,2073,127,655,-0.62,5260,0.18,12.7
4/3/2019 0:00,2:00:00,PM,523,2075,127,655,-0.46,5230,0.34,12.7
4/3/2019 0:00,3:00:00,PM,523,2078,130,658,-0.97,5230,-0.17,13
4/3/2019 0:00,4:00:00,PM,523,2080,127,658,-2.15,5230,-1.35,12.7
4/3/2019 0:00,5:00:00,PM,526,2080,130,655,-4.09,5260,-3.29,13
4/3/2019 0:00,6:00:00,PM,526,2080,130,655,-4.75,5260,-3.95,13
4/3/2019 0:00,7:00:00,PM,526,2080,130,655,-4.82,5260,-4.02,13
4/3/2019 0:00,8:00:00,PM,526,2080,130,650,-5.53,5260,-4.73,13
4/3/2019 0:00,9:00:00,PM,526,2080,130,650,-5.8,5260,-5,13
4/3/2019 0:00,10:00:00,PM,526,2083,130,653,-4.77,5260,-3.97,13
4/3/2019 0:00,11:00:00,PM,526,2085,132,653,-5.78,5260,-4.98,13.2
4/4/2019 0:00,12:00:00,AM,526,2085,132,653,-7.02,5260,-6.22,13.2
4/4/2019 0:00,1:00:00,AM,526,2085,132,655,-8.45,5260,-7.65,13.2
4/4/2019 0:00,2:00:00,AM,523,2088,132,658,-9.42,5230,-8.62,13.2
4/4/2019 0:00,3:00:00,AM,526,2090,132,660,-9.86,5260,-9.06,13.2
4/4/2019 0:00,4:00:00,AM,526,2093,130,660,-10.9,5260,-10.1,13
4/4/2019 0:00,5:00:00,AM,523,2093,132,660,-11.28,5230,-10.48,13.2
4/4/2019 0:00,6:00:00,AM,526,2093,132,660,-9.72,5260,-8.92,13.2
4/4/2019 0:00,7:00:00,AM,523,2090,130,660,-7.89,5230,-7.09,13
4/4/2019 0:00,8:00:00,AM,521,2090,127,658,-5.88,5210,-5.08,12.7
4/4/2019 0:00,9:00:00,AM,521,2090,127,655,-3.49,5210,-2.69,12.7
4/4/2019 0:00,10:00:00,AM,518,2090,127,655,-1.54,5180,-0.74,12.7
4/4/2019 0:00,11:00:00,AM,521,2090,127,655,-0.79,5210,0.01,12.7
4/4/2019 0:00,12:00:00,PM,521,2088,127,655,-0.92,5210,-0.12,12.7
4/4/2019 0:00,1:00:00,PM,521,2093,127,655,-0.69,5210,0.11,12.7
4/4/2019 0:00,2:00:00,PM,521,2093,124,658,-1.01,5210,-0.21,12.4
4/4/2019 0:00,3:00:00,PM,518,2093,127,655,-1.95,5180,-1.15,12.7
4/4/2019 0:00,4:00:00,PM,521,2096,127,655,-2.65,5210,-1.85,12.7
4/4/2019 0:00,5:00:00,PM,521,2098,127,655,-3.14,5210,-2.34,12.7
4/4/2019 0:00,6:00:00,PM,523,2101,127,655,-3.45,5230,-2.65,12.7
4/4/2019 0:00,7:00:00,PM,523,2096,130,650,-3.33,5230,-2.53,13
4/4/2019 0:00,8:00:00,PM,523,2096,130,645,-3.41,5230,-2.61,13
4/4/2019 0:00,9:00:00,PM,523,2093,130,645,-4.24,5230,-3.44,13
4/4/2019 0:00,10:00:00,PM,523,2093,130,645,-4.9,5230,-4.1,13
4/4/2019 0:00,11:00:00,PM,523,2093,130,645,-5,5230,-4.2,13
4/5/2019 0:00,12:00:00,AM,523,2096,130,645,-4.9,5230,-4.1,13
4/5/2019 0:00,1:00:00,AM,523,2096,130,648,-5.7,5230,-4.9,13
4/5/2019 0:00,2:00:00,AM,523,2098,130,648,-6.53,5230,-5.73,13
4/5/2019 0:00,3:00:00,AM,523,2101,130,655,-4.82,5230,-4.02,13
4/5/2019 0:00,4:00:00,AM,523,2103,130,653,-4.99,5230,-4.19,13
4/5/2019 0:00,5:00:00,AM,523,2101,130,653,-5.68,5230,-4.88,13
4/5/2019 0:00,6:00:00,AM,523,2096,130,650,-5.67,5230,-4.87,13
4/5/2019 0:00,7:00:00,AM,521,2096,127,648,-5.72,5210,-4.92,12.7
4/5/2019 0:00,8:00:00,AM,521,2096,127,648,-3.43,5210,-2.63,12.7
4/5/2019 0:00,9:00:00,AM,521,2096,127,643,-2.72,5210,-1.92,12.7
4/5/2019 0:00,10:00:00,AM,521,2090,127,643,-2.51,5210,-1.71,12.7
4/5/2019 0:00,11:00:00,AM,521,2093,127,638,-2.72,5210,-1.92,12.7
4/5/2019 0:00,12:00:00,PM,521,2093,124,638,-2.95,5210,-2.15,12.4
4/5/2019 0:00,1:00:00,PM,518,2093,127,638,-3.03,5180,-2.23,12.7
4/5/2019 0:00,2:00:00,PM,521,2096,124,640,-3.32,5210,-2.52,12.4
4/5/2019 0:00,3:00:00,PM,523,2093,124,638,-3.47,5230,-2.67,12.4
4/5/2019 0:00,4:00:00,PM,521,2090,124,635,-4.38,5210,-3.58,12.4
4/5/2019 0:00,5:00:00,PM,523,2093,124,635,-6.43,5230,-5.63,12.4
4/5/2019 0:00,6:00:00,PM,523,2093,127,635,-9.72,5230,-8.92,12.7
4/5/2019 0:00,7:00:00,PM,523,2093,127,632,-10.7,5230,-9.9,12.7
4/5/2019 0:00,8:00:00,PM,523,2085,127,627,-11.94,5230,-11.14,12.7
4/5/2019 0:00,9:00:00,PM,523,2088,127,630,-15.88,5230,-15.08,12.7
4/5/2019 0:00,10:00:00,PM,523,2090,127,635,-18.76,5230,-17.96,12.7
4/5/2019 0:00,11:00:00,PM,523,2090,127,635,-14.99,5230,-14.19,12.7
4/6/2019 0:00,12:00:00,AM,523,2096,127,625,-11.42,5230,-10.62,12.7
4/6/2019 0:00,1:00:00,AM,523,2093,127,638,-10.01,5230,-9.21,12.7
4/6/2019 0:00,2:00:00,AM,523,2096,127,640,-9.52,5230,-8.72,12.7
4/6/2019 0:00,3:00:00,AM,523,2098,127,640,-9.2,5230,-8.4,12.7
4/6/2019 0:00,4:00:00,AM,526,2098,127,638,-9.25,5260,-8.45,12.7
4/6/2019 0:00,5:00:00,AM,523,2101,127,635,-9.1,5230,-8.3,12.7
4/6/2019 0:00,6:00:00,AM,528,2096,127,630,-8.9,5280,-8.1,12.7
4/6/2019 0:00,7:00:00,AM,526,2093,124,627,-8.26,5260,-7.46,12.4
4/6/2019 0:00,8:00:00,AM,523,2096,124,627,-7.38,5230,-6.58,12.4
4/6/2019 0:00,9:00:00,AM,523,2093,124,625,-5.8,5230,-5,12.4
4/6/2019 0:00,10:00:00,AM,523,2090,124,615,-4.74,5230,-3.94,12.4
4/6/2019 0:00,11:00:00,AM,523,2085,124,612,-2.67,5230,-1.87,12.4
4/6/2019 0:00,12:00:00,PM,521,2085,119,617,-1.47,5210,-0.67,11.9
4/6/2019 0:00,1:00:00,PM,523,2085,122,617,-0.32,5230,0.48,12.2
4/6/2019 0:00,2:00:00,PM,521,2085,122,617,-0.31,5210,0.49,12.2
4/6/2019 0:00,3:00:00,PM,521,2088,119,620,-0.54,5210,0.26,11.9
4/6/2019 0:00,4:00:00,PM,523,2085,119,617,-1.45,5230,-0.65,11.9
4/6/2019 0:00,5:00:00,PM,523,2085,122,615,-0.91,5230,-0.11,12.2
4/6/2019 0:00,6:00:00,PM,523,2088,122,612,-0.99,5230,-0.19,12.2
4/6/2019 0:00,7:00:00,PM,523,2090,122,610,-1.22,5230,-0.42,12.2
4/6/2019 0:00,8:00:00,PM,523,2085,122,607,-1.12,5230,-0.32,12.2
4/6/2019 0:00,9:00:00,PM,521,2083,122,599,-2.28,5210,-1.48,12.2
4/6/2019 0:00,10:00:00,PM,521,2083,122,605,-2.08,5210,-1.28,12.2
4/6/2019 0:00,11:00:00,PM,521,2085,122,602,-2.57,5210,-1.77,12.2
4/7/2019 0:00,12:00:00,AM,523,2096,122,602,-3.58,5230,-2.78,12.2
4/7/2019 0:00,1:00:00,AM,521,2088,122,602,-3.63,5210,-2.83,12.2
4/7/2019 0:00,2:00:00,AM,521,2093,122,607,-4.56,5210,-3.76,12.2
4/7/2019 0:00,3:00:00,AM,521,2093,122,607,-4.32,5210,-3.52,12.2
4/7/2019 0:00,4:00:00,AM,523,2093,122,607,-4.45,5230,-3.65,12.2
4/7/2019 0:00,5:00:00,AM,523,2093,122,610,-4.84,5230,-4.04,12.2
4/7/2019 0:00,6:00:00,AM,523,2090,122,605,-4.04,5230,-3.24,12.2
4/7/2019 0:00,7:00:00,AM,521,2085,119,602,-3.14,5210,-2.34,11.9
4/7/2019 0:00,8:00:00,AM,521,2088,119,602,-1.7,5210,-0.9,11.9
4/7/2019 0:00,9:00:00,AM,518,2088,119,599,-0.55,5180,0.25,11.9
4/7/2019 0:00,10:00:00,AM,518,2085,117,594,-0.16,5180,0.64,11.7
4/7/2019 0:00,11:00:00,AM,518,2085,117,589,-0.08,5180,0.72,11.7
4/7/2019 0:00,12:00:00,PM,518,2085,114,587,-0.05,5180,0.75,11.4
4/7/2019 0:00,1:00:00,PM,518,2090,114,592,-0.04,5180,0.76,11.4
4/7/2019 0:00,2:00:00,PM,516,2093,114,597,-0.05,5160,0.75,11.4
4/7/2019 0:00,3:00:00,PM,516,2093,109,594,-0.17,5160,0.63,10.9
4/7/2019 0:00,4:00:00,PM,516,2093,109,594,-0.47,5160,0.33,10.9
4/7/2019 0:00,5:00:00,PM,516,2096,114,592,-0.81,5160,-0.01,11.4
4/7/2019 0:00,6:00:00,PM,518,2093,114,584,-1.53,5180,-0.73,11.4
4/7/2019 0:00,7:00:00,PM,518,2096,114,582,-2.77,5180,-1.97,11.4
4/7/2019 0:00,8:00:00,PM,516,2090,114,577,-3.43,5160,-2.63,11.4
4/7/2019 0:00,9:00:00,PM,516,2090,117,577,-3.09,5160,-2.29,11.7
4/7/2019 0:00,10:00:00,PM,516,2093,114,577,-3.08,5160,-2.28,11.4
4/7/2019 0:00,11:00:00,PM,518,2093,117,577,-3.66,5180,-2.86,11.7
4/8/2019 0:00,12:00:00,AM,516,2096,117,574,-3.4,5160,-2.6,11.7
4/8/2019 0:00,1:00:00,AM,516,2101,117,579,-2.48,5160,-1.68,11.7
4/8/2019 0:00,2:00:00,AM,518,2106,117,582,-2.44,5180,-1.64,11.7
4/8/2019 0:00,3:00:00,AM,516,2106,117,582,-1.87,5160,-1.07,11.7
4/8/2019 0:00,4:00:00,AM,516,2108,114,582,-1.32,5160,-0.52,11.4
4/8/2019 0:00,5:00:00,AM,516,2111,117,584,-1.15,5160,-0.35,11.7
4/8/2019 0:00,6:00:00,AM,516,2108,117,582,-0.85,5160,-0.05,11.7
4/8/2019 0:00,7:00:00,AM,516,2103,114,579,-0.26,5160,0.54,11.4
4/8/2019 0:00,8:00:00,AM,513,2106,114,582,-0.01,5130,0.79,11.4
4/8/2019 0:00,9:00:00,AM,513,2103,114,577,-0.02,5130,0.78,11.4
4/8/2019 0:00,10:00:00,AM,513,2103,112,574,-0.04,5130,0.76,11.2
4/8/2019 0:00,11:00:00,AM,511,2103,109,577,,5110,0.8,10.9
4/8/2019 0:00,12:00:00,PM,511,2106,109,574,0,5110,0.8,10.9
4/8/2019 0:00,1:00:00,PM,511,2108,109,572,0,5110,0.8,10.9
4/8/2019 0:00,2:00:00,PM,511,2111,109,572,0,5110,0.8,10.9
4/8/2019 0:00,3:00:00,PM,508,2111,109,569,-0.03,5080,0.77,10.9
4/8/2019 0:00,4:00:00,PM,511,2111,107,566,-0.01,5110,0.79,10.7
4/8/2019 0:00,5:00:00,PM,511,2113,107,564,0,5110,0.8,10.7
4/8/2019 0:00,6:00:00,PM,511,2113,109,561,-0.05,5110,0.75,10.9
4/8/2019 0:00,7:00:00,PM,511,2113,109,561,0,5110,0.8,10.9
4/8/2019 0:00,8:00:00,PM,511,2113,109,556,,5110,0.8,10.9
4/8/2019 0:00,9:00:00,PM,511,2113,107,556,,5110,0.8,10.7
4/8/2019 0:00,10:00:00,PM,511,2121,107,559,0,5110,0.8,10.7
4/8/2019 0:00,11:00:00,PM,762,2126,107,561,0,7620,0.8,10.7
4/9/2019 0:00,12:00:00,AM,511,2129,109,556,0,5110,0.8,10.9
4/9/2019 0:00,1:00:00,AM,511,2136,109,564,-0.03,5110,0.77,10.9
4/9/2019 0:00,2:00:00,AM,511,2136,109,564,-0.15,5110,0.65,10.9
4/9/2019 0:00,3:00:00,AM,511,2136,107,561,-0.77,5110,0.03,10.7
4/9/2019 0:00,4:00:00,AM,513,2136,109,559,-1.32,5130,-0.52,10.9
4/9/2019 0:00,5:00:00,AM,516,2136,107,554,-2.1,5160,-1.3,10.7
4/9/2019 0:00,6:00:00,AM,513,2129,107,546,-2.6,5130,-1.8,10.7
4/9/2019 0:00,7:00:00,AM,513,2123,107,544,-2.89,5130,-2.09,10.7
4/9/2019 0:00,8:00:00,AM,511,2121,104,541,-3.4,5110,-2.6,10.4
4/9/2019 0:00,9:00:00,AM,511,2121,104,538,-3.79,5110,-2.99,10.4
4/9/2019 0:00,10:00:00,AM,511,2118,104,536,-3.49,5110,-2.69,10.4
4/9/2019 0:00,11:00:00,AM,511,2118,104,536,-2.54,5110,-1.74,10.4
4/9/2019 0:00,12:00:00,PM,505,2118,104,533,-3.32,5050,-2.52,10.4
4/9/2019 0:00,1:00:00,PM,505,2118,104,531,-3.22,5050,-2.42,10.4
4/9/2019 0:00,2:00:00,PM,511,2121,104,533,-3.36,5110,-2.56,10.4
4/9/2019 0:00,3:00:00,PM,505,2121,104,528,-5.97,5050,-5.17,10.4
4/9/2019 0:00,4:00:00,PM,511,2118,104,528,-6.65,5110,-5.85,10.4
4/9/2019 0:00,5:00:00,PM,513,2118,104,528,-7.17,5130,-6.37,10.4
4/9/2019 0:00,6:00:00,PM,513,2116,107,526,-10.83,5130,-10.03,10.7
4/9/2019 0:00,7:00:00,PM,513,2113,107,523,-9.92,5130,-9.12,10.7
4/9/2019 0:00,8:00:00,PM,513,2111,107,523,-11.02,5130,-10.22,10.7
4/9/2019 0:00,9:00:00,PM,513,2108,107,521,-10.39,5130,-9.59,10.7
4/9/2019 0:00,10:00:00,PM,513,2111,107,521,-8.42,5130,-7.62,10.7
4/9/2019 0:00,11:00:00,PM,513,2111,107,523,-8.39,5130,-7.59,10.7
4/10/2019 0:00,12:00:00,AM,513,2134,107,528,-11.09,5130,-10.29,10.7
4/10/2019 0:00,1:00:00,AM,513,2111,107,526,-13.33,5130,-12.53,10.7
4/10/2019 0:00,2:00:00,AM,513,2113,107,528,-15.88,5130,-15.08,10.7
4/10/2019 0:00,3:00:00,AM,513,2111,107,531,-16.74,5130,-15.94,10.7
4/10/2019 0:00,4:00:00,AM,513,2113,107,533,-17.3,5130,-16.5,10.7
4/10/2019 0:00,5:00:00,AM,513,2111,107,533,-17.75,5130,-16.95,10.7
4/10/2019 0:00,6:00:00,AM,513,2108,107,531,-15.83,5130,-15.03,10.7
4/10/2019 0:00,7:00:00,AM,511,2108,102,528,-14.04,5110,-13.24,10.2
4/10/2019 0:00,8:00:00,AM,511,2103,102,518,-10.82,5110,-10.02,10.2
4/10/2019 0:00,9:00:00,AM,511,2101,102,508,-8.17,5110,-7.37,10.2
4/10/2019 0:00,10:00:00,AM,511,2098,99,505,-6.34,5110,-5.54,9.9
4/10/2019 0:00,11:00:00,AM,508,2096,102,511,-5.09,5080,-4.29,10.2
4/10/2019 0:00,12:00:00,PM,508,2098,99,516,-3.72,5080,-2.92,9.9
4/10/2019 0:00,1:00:00,PM,508,2098,102,516,-2.91,5080,-2.11,10.2
4/10/2019 0:00,2:00:00,PM,508,2098,102,518,-3.01,5080,-2.21,10.2
4/10/2019 0:00,3:00:00,PM,508,2101,99,521,-3.66,5080,-2.86,9.9
4/10/2019 0:00,4:00:00,PM,508,2101,99,518,-4.76,5080,-3.96,9.9
4/10/2019 0:00,5:00:00,PM,511,2101,102,516,-6.95,5110,-6.15,10.2
4/10/2019 0:00,6:00:00,PM,511,2103,102,516,-9.41,5110,-8.61,10.2
4/10/2019 0:00,7:00:00,PM,511,2108,102,518,-10.44,5110,-9.64,10.2
4/10/2019 0:00,8:00:00,PM,511,2103,104,516,-11.65,5110,-10.85,10.4
4/10/2019 0:00,9:00:00,PM,511,2103,104,516,-12.64,5110,-11.84,10.4
4/10/2019 0:00,10:00:00,PM,511,2106,104,523,-13.41,5110,-12.61,10.4
4/10/2019 0:00,11:00:00,PM,511,2111,104,528,-14.19,5110,-13.39,10.4
4/11/2019 0:00,12:00:00,AM,511,2134,104,526,-14.82,5110,-14.02,10.4
4/11/2019 0:00,1:00:00,AM,511,2116,104,536,-15.26,5110,-14.46,10.4
4/11/2019 0:00,2:00:00,AM,511,2118,104,538,-15.51,5110,-14.71,10.4
4/11/2019 0:00,3:00:00,AM,511,2121,104,541,-16.18,5110,-15.38,10.4
4/11/2019 0:00,4:00:00,AM,511,2123,104,544,-16.75,5110,-15.95,10.4
4/11/2019 0:00,5:00:00,AM,511,2123,104,544,-16.63,5110,-15.83,10.4
4/11/2019 0:00,6:00:00,AM,508,2121,104,544,-15.31,5080,-14.51,10.4
4/11/2019 0:00,7:00:00,AM,508,2121,102,538,-11.79,5080,-10.99,10.2
4/11/2019 0:00,8:00:00,AM,508,2123,99,533,-8.98,5080,-8.18,9.9
4/11/2019 0:00,9:00:00,AM,505,2123,99,526,-5.39,5050,-4.59,9.9
4/11/2019 0:00,10:00:00,AM,508,2123,99,526,-5.01,5080,-4.21,9.9
4/11/2019 0:00,11:00:00,AM,508,2126,99,528,-4.45,5080,-3.65,9.9
4/11/2019 0:00,12:00:00,PM,505,2131,102,531,-2.49,5050,-1.69,10.2
4/11/2019 0:00,1:00:00,PM,508,2131,99,533,-1.83,5080,-1.03,9.9
4/11/2019 0:00,2:00:00,PM,508,2134,99,536,-2.28,5080,-1.48,9.9
4/11/2019 0:00,3:00:00,PM,511,2139,97,538,-2.7,5110,-1.9,9.7
4/11/2019 0:00,4:00:00,PM,511,2139,99,538,-3.38,5110,-2.58,9.9
4/11/2019 0:00,5:00:00,PM,508,2139,99,533,-3.91,5080,-3.11,9.9
4/11/2019 0:00,6:00:00,PM,511,2139,99,533,-4.14,5110,-3.34,9.9
4/11/2019 0:00,7:00:00,PM,511,2139,102,531,-4.39,5110,-3.59,10.2
4/11/2019 0:00,8:00:00,PM,511,2136,102,526,-5.1,5110,-4.3,10.2
4/11/2019 0:00,9:00:00,PM,511,2131,102,523,-5.48,5110,-4.68,10.2
4/11/2019 0:00,10:00:00,PM,511,2134,102,523,-5.96,5110,-5.16,10.2
4/11/2019 0:00,11:00:00,PM,511,2131,102,523,-6.36,5110,-5.56,10.2
4/12/2019 0:00,12:00:00,AM,508,2134,102,523,-6.85,5080,-6.05,10.2
4/12/2019 0:00,1:00:00,AM,511,2131,102,523,-7.01,5110,-6.21,10.2
4/12/2019 0:00,2:00:00,AM,511,2134,102,523,-7.26,5110,-6.46,10.2
4/12/2019 0:00,3:00:00,AM,511,2131,102,523,-8.04,5110,-7.24,10.2
4/12/2019 0:00,4:00:00,AM,,2131,102,526,-12.32,0,-11.52,10.2
4/12/2019 0:00,5:00:00,AM,,2129,102,521,-10.96,0,-10.16,10.2
4/12/2019 0:00,6:00:00,AM,,2129,102,521,-7.73,0,-6.93,10.2
4/12/2019 0:00,7:00:00,AM,508,2123,99,516,-7.04,5080,-6.24,9.9
4/12/2019 0:00,8:00:00,AM,508,2123,99,516,-6.22,5080,-5.42,9.9
4/12/2019 0:00,9:00:00,AM,505,2121,94,513,-5.08,5050,-4.28,9.4
4/12/2019 0:00,10:00:00,AM,508,2118,94,513,-3.9,5080,-3.1,9.4
4/12/2019 0:00,11:00:00,AM,505,2116,94,513,-2.53,5050,-1.73,9.4
4/12/2019 0:00,12:00:00,PM,508,2116,94,511,-2.95,5080,-2.15,9.4
4/12/2019 0:00,1:00:00,PM,508,2116,94,511,-2.61,5080,-1.81,9.4
4/12/2019 0:00,2:00:00,PM,508,2116,91,508,-2.61,5080,-1.81,9.1
4/12/2019 0:00,3:00:00,PM,508,2116,91,508,-3.63,5080,-2.83,9.1
4/12/2019 0:00,4:00:00,PM,508,2116,91,505,-5.07,5080,-4.27,9.1
4/12/2019 0:00,5:00:00,PM,508,2116,94,503,-7.88,5080,-7.08,9.4
4/12/2019 0:00,6:00:00,PM,508,2113,97,498,-11.76,5080,-10.96,9.7
4/12/2019 0:00,7:00:00,PM,508,2113,97,498,-11.95,5080,-11.15,9.7
4/12/2019 0:00,8:00:00,PM,511,2111,97,495,-10.68,5110,-9.88,9.7
4/12/2019 0:00,9:00:00,PM,511,2111,97,498,-11.83,5110,-11.03,9.7
4/12/2019 0:00,10:00:00,PM,508,2108,97,498,-13.29,5080,-12.49,9.7
4/12/2019 0:00,11:00:00,PM,508,2108,97,498,-14.12,5080,-13.32,9.7
4/13/2019 0:00,12:00:00,AM,511,2134,97,500,-16.01,5110,-15.21,9.7
4/13/2019 0:00,1:00:00,AM,508,2111,99,505,-17.9,5080,-17.1,9.9
4/13/2019 0:00,2:00:00,AM,508,2111,99,513,-16.23,5080,-15.43,9.9
4/13/2019 0:00,3:00:00,AM,508,2111,99,511,-16.41,5080,-15.61,9.9
4/13/2019 0:00,4:00:00,AM,508,2113,99,513,-16.59,5080,-15.79,9.9
4/13/2019 0:00,5:00:00,AM,508,2113,97,513,-16.38,5080,-15.58,9.7
4/13/2019 0:00,6:00:00,AM,508,2108,97,511,-14.81,5080,-14.01,9.7
4/13/2019 0:00,7:00:00,AM,505,2106,91,505,-8.9,5050,-8.1,9.1
4/13/2019 0:00,8:00:00,AM,505,2106,91,493,-5.04,5050,-4.24,9.1
4/13/2019 0:00,9:00:00,AM,505,2106,91,483,-2.42,5050,-1.62,9.1
4/13/2019 0:00,10:00:00,AM,505,2103,91,480,-0.45,5050,0.35,9.1
4/13/2019 0:00,11:00:00,AM,503,2101,91,483,-0.47,5030,0.33,9.1
4/13/2019 0:00,12:00:00,PM,503,2103,91,485,-0.32,5030,0.48,9.1
4/13/2019 0:00,1:00:00,PM,503,2103,91,485,-0.16,5030,0.64,9.1
4/13/2019 0:00,2:00:00,PM,503,2106,89,485,-0.1,5030,0.7,8.9
4/13/2019 0:00,3:00:00,PM,503,2108,89,485,-0.18,5030,0.62,8.9
4/13/2019 0:00,4:00:00,PM,503,2113,89,485,-0.15,5030,0.65,8.9
4/13/2019 0:00,5:00:00,PM,503,2113,89,480,-0.64,5030,0.16,8.9
4/13/2019 0:00,6:00:00,PM,505,2113,91,478,-1.24,5050,-0.44,9.1
4/13/2019 0:00,7:00:00,PM,505,2116,91,478,-1.81,5050,-1.01,9.1
4/13/2019 0:00,8:00:00,PM,505,2118,94,475,-1.78,5050,-0.98,9.4
4/13/2019 0:00,9:00:00,PM,505,2113,91,472,-1.87,5050,-1.07,9.1
4/13/2019 0:00,10:00:00,PM,505,2116,91,475,-2.14,5050,-1.34,9.1
4/13/2019 0:00,11:00:00,PM,505,2118,91,475,-2.96,5050,-2.16,9.1
4/14/2019 0:00,12:00:00,AM,505,2134,94,480,-3.52,5050,-2.72,9.4
4/14/2019 0:00,1:00:00,AM,505,2121,91,480,-4.15,5050,-3.35,9.1
4/14/2019 0:00,2:00:00,AM,505,2126,91,488,-4.7,5050,-3.9,9.1
4/14/2019 0:00,3:00:00,AM,505,2126,94,485,-5.21,5050,-4.41,9.4
4/14/2019 0:00,4:00:00,AM,505,2131,94,490,-5.35,5050,-4.55,9.4
4/14/2019 0:00,5:00:00,AM,505,2129,91,485,-5.63,5050,-4.83,9.1
4/14/2019 0:00,6:00:00,AM,503,2129,91,485,-4.59,5030,-3.79,9.1
4/14/2019 0:00,7:00:00,AM,503,2126,91,478,-3,5030,-2.2,9.1
4/14/2019 0:00,8:00:00,AM,500,2126,89,475,-1.34,5000,-0.54,8.9
4/14/2019 0:00,9:00:00,AM,500,2123,91,475,-0.15,5000,0.65,9.1
4/14/2019 0:00,10:00:00,AM,500,2121,91,472,-0.11,5000,0.69,9.1
4/14/2019 0:00,11:00:00,AM,500,2123,89,472,-0.07,5000,0.73,8.9
4/14/2019 0:00,12:00:00,PM,500,2129,86,475,-0.08,5000,0.72,8.6
4/14/2019 0:00,1:00:00,PM,500,2129,86,475,-0.03,5000,0.77,8.6
4/14/2019 0:00,2:00:00,PM,500,2134,86,475,-0.09,5000,0.71,8.6
4/14/2019 0:00,3:00:00,PM,500,2136,84,472,-0.09,5000,0.71,8.4
4/14/2019 0:00,4:00:00,PM,500,2139,84,470,-0.21,5000,0.59,8.4
4/14/2019 0:00,5:00:00,PM,500,2139,86,467,-0.47,5000,0.33,8.6
4/14/2019 0:00,6:00:00,PM,500,2139,86,465,-0.38,5000,0.42,8.6
4/14/2019 0:00,7:00:00,PM,500,2139,86,460,-0.46,5000,0.34,8.6
4/14/2019 0:00,8:00:00,PM,500,2134,86,455,-0.64,5000,0.16,8.6
4/14/2019 0:00,9:00:00,PM,500,2131,86,450,-0.75,5000,0.05,8.6
4/14/2019 0:00,10:00:00,PM,500,2131,86,450,-1.58,5000,-0.78,8.6
4/14/2019 0:00,11:00:00,PM,500,2131,86,450,-1.62,5000,-0.82,8.6
4/15/2019 0:00,12:00:00,AM,503,2134,86,450,-1.43,5030,-0.63,8.6
4/15/2019 0:00,1:00:00,AM,500,2134,86,447,-1.59,5000,-0.79,8.6
4/15/2019 0:00,2:00:00,AM,503,2136,86,450,-2,5030,-1.2,8.6
4/15/2019 0:00,3:00:00,AM,503,2136,86,447,-1.97,5030,-1.17,8.6
4/15/2019 0:00,4:00:00,AM,500,2139,86,447,-2.27,5000,-1.47,8.6
4/15/2019 0:00,5:00:00,AM,500,2136,86,447,-2.43,5000,-1.63,8.6
4/15/2019 0:00,6:00:00,AM,500,2136,86,444,-2.18,5000,-1.38,8.6
4/15/2019 0:00,7:00:00,AM,500,2136,86,447,-1.42,5000,-0.62,8.6
4/15/2019 0:00,8:00:00,AM,500,2131,86,447,-1.1,5000,-0.3,8.6
4/15/2019 0:00,9:00:00,AM,500,2131,84,447,-1.12,5000,-0.32,8.4
4/15/2019 0:00,10:00:00,AM,498,2129,84,447,-1.12,4980,-0.32,8.4
4/15/2019 0:00,11:00:00,AM,500,2131,81,444,-0.91,5000,-0.11,8.1
4/15/2019 0:00,12:00:00,PM,500,2139,81,442,-0.79,5000,0.01,8.1
4/15/2019 0:00,1:00:00,PM,498,2136,81,439,-1.03,4980,-0.23,8.1
4/15/2019 0:00,2:00:00,PM,500,2136,81,437,-1.18,5000,-0.38,8.1
4/15/2019 0:00,3:00:00,PM,500,2136,84,432,-1.22,5000,-0.42,8.4
4/15/2019 0:00,4:00:00,PM,500,2136,81,429,-1.81,5000,-1.01,8.1
4/15/2019 0:00,5:00:00,PM,503,2136,84,427,-2.19,5030,-1.39,8.4
4/15/2019 0:00,6:00:00,PM,505,2136,81,427,-2.97,5050,-2.17,8.1
4/15/2019 0:00,7:00:00,PM,505,2139,84,424,-3.44,5050,-2.64,8.4
4/15/2019 0:00,8:00:00,PM,508,2136,84,419,-3.68,5080,-2.88,8.4
4/15/2019 0:00,9:00:00,PM,511,2136,84,419,-3.58,5110,-2.78,8.4
4/15/2019 0:00,10:00:00,PM,511,2134,84,417,-3.61,5110,-2.81,8.4
4/15/2019 0:00,11:00:00,PM,511,2136,84,414,-3.81,5110,-3.01,8.4
4/16/2019 0:00,12:00:00,AM,513,2146,84,419,-4.06,5130,-3.26,8.4
4/16/2019 0:00,1:00:00,AM,513,2139,84,414,-4.65,5130,-3.85,8.4
4/16/2019 0:00,2:00:00,AM,513,2141,84,417,-5.08,5130,-4.28,8.4
4/16/2019 0:00,3:00:00,AM,511,2144,84,417,-5.05,5110,-4.25,8.4
4/16/2019 0:00,4:00:00,AM,511,2141,84,414,-5.16,5110,-4.36,8.4
4/16/2019 0:00,5:00:00,AM,511,2139,84,414,-5.66,5110,-4.86,8.4
4/16/2019 0:00,6:00:00,AM,511,2139,84,411,-5.21,5110,-4.41,8.4
4/16/2019 0:00,7:00:00,AM,511,2136,84,406,-5.51,5110,-4.71,8.4
4/16/2019 0:00,8:00:00,AM,508,2131,79,404,-4.3,5080,-3.5,7.9
4/16/2019 0:00,9:00:00,AM,508,2129,79,401,-3.58,5080,-2.78,7.9
4/16/2019 0:00,10:00:00,AM,503,2123,79,394,-1.3,5030,-0.5,7.9
4/16/2019 0:00,11:00:00,AM,505,2123,79,399,-1.05,5050,-0.25,7.9
4/16/2019 0:00,12:00:00,PM,505,2121,79,399,-0.96,5050,-0.16,7.9
4/16/2019 0:00,1:00:00,PM,503,2121,79,399,-0.79,5030,0.01,7.9
4/16/2019 0:00,2:00:00,PM,505,2121,76,396,-0.98,5050,-0.18,7.6
4/16/2019 0:00,3:00:00,PM,505,2121,76,396,-2.55,5050,-1.75,7.6
4/16/2019 0:00,4:00:00,PM,505,2121,76,394,-2.96,5050,-2.16,7.6
4/16/2019 0:00,5:00:00,PM,505,2121,76,389,-5.05,5050,-4.25,7.6
4/16/2019 0:00,6:00:00,PM,505,2118,79,389,-8.01,5050,-7.21,7.9
4/16/2019 0:00,7:00:00,PM,505,2116,79,386,-9.3,5050,-8.5,7.9
4/16/2019 0:00,8:00:00,PM,508,2113,79,384,-10.39,5080,-9.59,7.9
4/16/2019 0:00,9:00:00,PM,508,2111,81,384,-11.22,5080,-10.42,8.1
4/16/2019 0:00,10:00:00,PM,508,2111,81,386,-12.11,5080,-11.31,8.1
4/16/2019 0:00,11:00:00,PM,505,2111,79,386,-13.21,5050,-12.41,7.9
4/17/2019 0:00,12:00:00,AM,505,2159,81,386,-13.21,5050,-12.41,8.1
4/17/2019 0:00,1:00:00,AM,508,2116,81,391,-14.4,5080,-13.6,8.1
4/17/2019 0:00,2:00:00,AM,505,2118,81,394,-15.13,5050,-14.33,8.1
4/17/2019 0:00,3:00:00,AM,505,2121,81,396,-15.65,5050,-14.85,8.1
4/17/2019 0:00,4:00:00,AM,505,2121,81,399,-15.57,5050,-14.77,8.1
4/17/2019 0:00,5:00:00,AM,508,2121,81,399,-16.19,5080,-15.39,8.1
4/17/2019 0:00,6:00:00,AM,505,2118,81,399,-13.73,5050,-12.93,8.1
4/17/2019 0:00,7:00:00,AM,500,2113,74,391,-9.44,5000,-8.64,7.4
4/17/2019 0:00,8:00:00,AM,503,2116,76,384,-6.13,5030,-5.33,7.6
4/17/2019 0:00,9:00:00,AM,503,2113,74,381,-3.14,5030,-2.34,7.4
4/17/2019 0:00,10:00:00,AM,503,2113,74,378,-1.07,5030,-0.27,7.4
4/17/2019 0:00,11:00:00,AM,503,2113,71,381,-0.05,5030,0.75,7.1
4/17/2019 0:00,12:00:00,PM,503,2116,74,386,-0.1,5030,0.7,7.4
4/17/2019 0:00,1:00:00,PM,503,2116,71,386,-0.15,5030,0.65,7.1
4/17/2019 0:00,2:00:00,PM,500,2116,71,384,-0.18,5000,0.62,7.1
4/17/2019 0:00,3:00:00,PM,498,2121,71,384,-0.3,4980,0.5,7.1
4/17/2019 0:00,4:00:00,PM,500,2121,69,384,-0.52,5000,0.28,6.9
4/17/2019 0:00,5:00:00,PM,500,2123,74,381,-0.81,5000,-0.01,7.4
4/17/2019 0:00,6:00:00,PM,500,2123,74,378,-1.88,5000,-1.08,7.4
4/17/2019 0:00,7:00:00,PM,500,2123,74,373,-3.02,5000,-2.22,7.4
4/17/2019 0:00,8:00:00,PM,500,2123,74,371,-3.72,5000,-2.92,7.4
4/17/2019 0:00,9:00:00,PM,500,2123,76,371,-4.92,5000,-4.12,7.6
4/17/2019 0:00,10:00:00,PM,500,2123,76,373,-6.05,5000,-5.25,7.6
4/17/2019 0:00,11:00:00,PM,500,2126,76,376,-7.76,5000,-6.96,7.6
4/18/2019 0:00,12:00:00,AM,500,2164,76,376,-9.29,5000,-8.49,7.6
4/18/2019 0:00,1:00:00,AM,500,2129,76,381,-10.14,5000,-9.34,7.6
4/18/2019 0:00,2:00:00,AM,500,2134,76,386,-10.87,5000,-10.07,7.6
4/18/2019 0:00,3:00:00,AM,500,2134,76,386,-11.06,5000,-10.26,7.6
4/18/2019 0:00,4:00:00,AM,500,2134,76,389,-11.07,5000,-10.27,7.6
4/18/2019 0:00,5:00:00,AM,500,2134,76,389,-10.54,5000,-9.74,7.6
4/18/2019 0:00,6:00:00,AM,500,2131,76,386,-7.98,5000,-7.18,7.6
4/18/2019 0:00,7:00:00,AM,495,2131,71,381,-4.76,4950,-3.96,7.1
4/18/2019 0:00,8:00:00,AM,495,2131,71,376,-1.38,4950,-0.58,7.1
4/18/2019 0:00,9:00:00,AM,495,2129,71,371,-0.16,4950,0.64,7.1
4/18/2019 0:00,10:00:00,AM,495,2129,69,368,-0.14,4950,0.66,6.9
4/18/2019 0:00,11:00:00,AM,495,2129,69,371,-0.19,4950,0.61,6.9
4/18/2019 0:00,12:00:00,PM,495,2131,66,376,,4950,0.8,6.6
4/18/2019 0:00,1:00:00,PM,495,2131,66,373,,4950,0.8,6.6
4/18/2019 0:00,2:00:00,PM,493,2134,69,376,,4930,0.8,6.9
4/18/2019 0:00,3:00:00,PM,493,2139,66,373,,4930,0.8,6.6
4/18/2019 0:00,4:00:00,PM,493,2141,64,371,,4930,0.8,6.4
4/18/2019 0:00,5:00:00,PM,493,2144,69,368,-0.11,4930,0.69,6.9
4/18/2019 0:00,6:00:00,PM,495,2149,69,368,-0.87,4950,-0.07,6.9
4/18/2019 0:00,7:00:00,PM,495,2149,71,366,-1.77,4950,-0.97,7.1
4/18/2019 0:00,8:00:00,PM,495,2146,71,361,-3.13,4950,-2.33,7.1
4/18/2019 0:00,9:00:00,PM,495,2146,71,358,-4.32,4950,-3.52,7.1
4/18/2019 0:00,10:00:00,PM,495,2149,71,361,-5.04,4950,-4.24,7.1
4/18/2019 0:00,11:00:00,PM,495,2149,71,363,-5.65,4950,-4.85,7.1
4/19/2019 0:00,12:00:00,AM,495,2164,71,366,-4.94,4950,-4.14,7.1
4/19/2019 0:00,1:00:00,AM,495,2154,71,368,-3.06,4950,-2.26,7.1
4/19/2019 0:00,2:00:00,AM,495,2159,74,371,-2.94,4950,-2.14,7.4
4/19/2019 0:00,3:00:00,AM,495,2159,71,373,-2.95,4950,-2.15,7.1
4/19/2019 0:00,4:00:00,AM,495,2159,71,378,-3.38,4950,-2.58,7.1
4/19/2019 0:00,5:00:00,AM,495,2159,74,376,-3.82,4950,-3.02,7.4
4/19/2019 0:00,6:00:00,AM,495,2159,71,376,-3.04,4950,-2.24,7.1
4/19/2019 0:00,7:00:00,AM,493,2154,66,371,-0.84,4930,-0.04,6.6
4/19/2019 0:00,8:00:00,AM,493,2154,66,366,-0.7,4930,0.1,6.6
4/19/2019 0:00,9:00:00,AM,493,2154,66,366,0,4930,0.8,6.6
4/19/2019 0:00,10:00:00,AM,493,2156,66,366,0,4930,0.8,6.6
4/19/2019 0:00,11:00:00,AM,490,2156,64,366,-0.07,4900,0.73,6.4
4/19/2019 0:00,12:00:00,PM,490,2159,64,366,0,4900,0.8,6.4
4/19/2019 0:00,1:00:00,PM,490,2159,66,363,,4900,0.8,6.6
4/19/2019 0:00,2:00:00,PM,490,2162,64,363,0,4900,0.8,6.4
4/19/2019 0:00,3:00:00,PM,488,2164,64,361,,4880,0.8,6.4
4/19/2019 0:00,4:00:00,PM,488,2167,64,358,0,4880,0.8,6.4
4/19/2019 0:00,5:00:00,PM,488,2167,64,351,0,4880,0.8,6.4
4/19/2019 0:00,6:00:00,PM,490,2169,66,351,-0.02,4900,0.78,6.6
4/19/2019 0:00,7:00:00,PM,490,2172,66,348,-0.07,4900,0.73,6.6
4/19/2019 0:00,8:00:00,PM,490,2172,66,345,-0.09,4900,0.71,6.6
4/19/2019 0:00,9:00:00,PM,490,2177,66,345,-0.28,4900,0.52,6.6
4/19/2019 0:00,10:00:00,PM,490,2179,66,345,-0.63,4900,0.17,6.6
4/19/2019 0:00,11:00:00,PM,490,2182,66,345,-0.33,4900,0.47,6.6
4/20/2019 0:00,12:00:00,AM,490,2164,66,345,-0.79,4900,0.01,6.6
4/20/2019 0:00,1:00:00,AM,490,2184,66,345,-1.25,4900,-0.45,6.6
4/20/2019 0:00,2:00:00,AM,490,2187,66,345,-1.57,4900,-0.77,6.6
4/20/2019 0:00,3:00:00,AM,490,2192,66,345,-1.29,4900,-0.49,6.6
4/20/2019 0:00,4:00:00,AM,490,2195,66,345,-1.69,4900,-0.89,6.6
4/20/2019 0:00,5:00:00,AM,490,2200,66,345,-0.48,4900,0.32,6.6
4/20/2019 0:00,6:00:00,AM,490,2205,66,343,-0.11,4900,0.69,6.6
4/20/2019 0:00,7:00:00,AM,490,2210,66,340,-0.35,4900,0.45,6.6
4/20/2019 0:00,8:00:00,AM,488,2217,66,340,-0.11,4880,0.69,6.6
4/20/2019 0:00,9:00:00,AM,488,2222,64,338,-0.05,4880,0.75,6.4
4/20/2019 0:00,10:00:00,AM,485,2222,61,335,-0.01,4850,0.79,6.1
4/20/2019 0:00,11:00:00,AM,485,2228,61,330,-0.11,4850,0.69,6.1
4/20/2019 0:00,12:00:00,PM,485,2235,61,333,-0.14,4850,0.66,6.1
4/20/2019 0:00,1:00:00,PM,485,2240,61,330,-0.19,4850,0.61,6.1
4/20/2019 0:00,2:00:00,PM,488,2248,61,325,-0.1,4880,0.7,6.1
4/20/2019 0:00,3:00:00,PM,488,2250,58,318,-0.42,4880,0.38,5.8
4/20/2019 0:00,4:00:00,PM,488,2256,56,312,-0.46,4880,0.34,5.6
4/20/2019 0:00,5:00:00,PM,488,2256,58,310,-0.51,4880,0.29,5.8
4/20/2019 0:00,6:00:00,PM,488,2258,61,310,-1.09,4880,-0.29,6.1
4/20/2019 0:00,7:00:00,PM,488,2263,61,305,-1.29,4880,-0.49,6.1
4/20/2019 0:00,8:00:00,PM,488,2263,61,305,-2.73,4880,-1.93,6.1
4/20/2019 0:00,9:00:00,PM,488,2258,61,300,-2.74,4880,-1.94,6.1
4/20/2019 0:00,10:00:00,PM,488,2258,61,300,-3.05,4880,-2.25,6.1
4/20/2019 0:00,11:00:00,PM,488,2261,61,302,-3.51,4880,-2.71,6.1
4/21/2019 0:00,12:00:00,AM,488,2164,61,305,-4.3,4880,-3.5,6.1
4/21/2019 0:00,1:00:00,AM,488,2261,61,310,-5.24,4880,-4.44,6.1
4/21/2019 0:00,2:00:00,AM,488,2261,61,312,-6.71,4880,-5.91,6.1
4/21/2019 0:00,3:00:00,AM,488,2261,61,312,-7.02,4880,-6.22,6.1
4/21/2019 0:00,4:00:00,AM,488,2258,64,315,-8.17,4880,-7.37,6.4
4/21/2019 0:00,5:00:00,AM,488,2258,64,318,-9.54,4880,-8.74,6.4
4/21/2019 0:00,6:00:00,AM,488,2253,61,318,-8.73,4880,-7.93,6.1
4/21/2019 0:00,7:00:00,AM,485,2250,58,310,-6.62,4850,-5.82,5.8
4/21/2019 0:00,8:00:00,AM,483,2250,56,292,-3.63,4830,-2.83,5.6
4/21/2019 0:00,9:00:00,AM,485,2250,56,282,-1.57,4850,-0.77,5.6
4/21/2019 0:00,10:00:00,AM,483,2245,56,282,-0.39,4830,0.41,5.6
4/21/2019 0:00,11:00:00,AM,485,2245,56,284,-0.3,4850,0.5,5.6
4/21/2019 0:00,12:00:00,PM,485,2245,53,284,-0.36,4850,0.44,5.3
4/21/2019 0:00,1:00:00,PM,483,2248,56,284,-0.38,4830,0.42,5.6
4/21/2019 0:00,2:00:00,PM,483,2245,53,282,-0.45,4830,0.35,5.3
4/21/2019 0:00,3:00:00,PM,483,2248,53,279,-1.3,4830,-0.5,5.3
4/21/2019 0:00,4:00:00,PM,483,2248,56,274,-1.66,4830,-0.86,5.6
4/21/2019 0:00,5:00:00,PM,485,2248,56,274,-2.11,4850,-1.31,5.6
4/21/2019 0:00,6:00:00,PM,485,2245,56,272,-2.34,4850,-1.54,5.6
4/21/2019 0:00,7:00:00,PM,485,2245,58,267,-3.02,4850,-2.22,5.8
4/21/2019 0:00,8:00:00,PM,485,2245,58,267,-5.35,4850,-4.55,5.8
4/21/2019 0:00,9:00:00,PM,485,2245,58,267,-7.37,4850,-6.57,5.8
4/21/2019 0:00,10:00:00,PM,485,2245,58,272,-7.82,4850,-7.02,5.8
4/21/2019 0:00,11:00:00,PM,485,2243,58,272,-8.16,4850,-7.36,5.8
4/22/2019 0:00,12:00:00,AM,485,2164,58,277,-8.22,4850,-7.42,5.8
4/22/2019 0:00,1:00:00,AM,485,2243,58,282,-8.4,4850,-7.6,5.8
4/22/2019 0:00,2:00:00,AM,485,2248,58,284,-8.5,4850,-7.7,5.8
4/22/2019 0:00,3:00:00,AM,485,2248,58,287,-8.53,4850,-7.73,5.8
4/22/2019 0:00,4:00:00,AM,485,2245,58,287,-8.62,4850,-7.82,5.8
4/22/2019 0:00,5:00:00,AM,485,2243,58,287,-8.36,4850,-7.56,5.8
4/22/2019 0:00,6:00:00,AM,485,2240,58,284,-6.71,4850,-5.91,5.8
4/22/2019 0:00,7:00:00,AM,483,2238,53,279,-4.96,4830,-4.16,5.3
4/22/2019 0:00,8:00:00,AM,483,2235,53,269,-2.69,4830,-1.89,5.3
4/22/2019 0:00,9:00:00,AM,483,2235,51,267,-1.26,4830,-0.46,5.1
4/22/2019 0:00,10:00:00,AM,483,2233,53,267,-0.61,4830,0.19,5.3
4/22/2019 0:00,11:00:00,AM,483,2233,51,267,-0.4,4830,0.4,5.1
4/22/2019 0:00,12:00:00,PM,483,2233,51,264,-0.42,4830,0.38,5.1
4/22/2019 0:00,1:00:00,PM,483,2230,53,259,-0.43,4830,0.37,5.3
4/22/2019 0:00,2:00:00,PM,480,2233,51,257,-0.49,4800,0.31,5.1
4/22/2019 0:00,3:00:00,PM,480,2235,48,254,-0.75,4800,0.05,4.8
4/22/2019 0:00,4:00:00,PM,480,2233,46,249,-0.97,4800,-0.17,4.6
4/22/2019 0:00,5:00:00,PM,480,2233,51,246,-1.34,4800,-0.54,5.1
4/22/2019 0:00,6:00:00,PM,480,2235,51,244,-2.49,4800,-1.69,5.1
4/22/2019 0:00,7:00:00,PM,480,2238,53,244,-3.6,4800,-2.8,5.3
4/22/2019 0:00,8:00:00,PM,480,2233,51,239,-4.31,4800,-3.51,5.1
4/22/2019 0:00,9:00:00,PM,480,2233,53,239,-4.91,4800,-4.11,5.3
4/22/2019 0:00,10:00:00,PM,480,2233,53,241,-5.36,4800,-4.56,5.3
4/22/2019 0:00,11:00:00,PM,480,2233,53,241,-5.82,4800,-5.02,5.3
4/23/2019 0:00,12:00:00,AM,480,2164,53,241,-6.54,4800,-5.74,5.3
4/23/2019 0:00,1:00:00,AM,480,2233,53,241,-6.86,4800,-6.06,5.3
4/23/2019 0:00,2:00:00,AM,480,2235,51,246,-6.76,4800,-5.96,5.1
4/23/2019 0:00,3:00:00,AM,480,2240,53,246,-7.2,4800,-6.4,5.3
4/23/2019 0:00,4:00:00,AM,480,2243,53,249,-7.67,4800,-6.87,5.3
4/23/2019 0:00,5:00:00,AM,480,2243,53,249,-7.49,4800,-6.69,5.3
4/23/2019 0:00,6:00:00,AM,480,2240,53,246,-5.22,4800,-4.42,5.3
4/23/2019 0:00,7:00:00,AM,478,2240,48,246,-2.61,4780,-1.81,4.8
4/23/2019 0:00,8:00:00,AM,478,2240,48,246,-0.47,4780,0.33,4.8
4/23/2019 0:00,9:00:00,AM,478,2238,48,246,-0.13,4780,0.67,4.8
4/23/2019 0:00,10:00:00,AM,478,2238,48,244,-0.15,4780,0.65,4.8
4/23/2019 0:00,11:00:00,AM,478,2240,48,241,-0.08,4780,0.72,4.8
4/23/2019 0:00,12:00:00,PM,475,2243,46,239,0,4750,0.8,4.6
4/23/2019 0:00,1:00:00,PM,472,2243,43,234,0,4720,0.8,4.3
4/23/2019 0:00,2:00:00,PM,472,2243,43,229,,4720,0.8,4.3
4/23/2019 0:00,3:00:00,PM,472,2245,41,224,,4720,0.8,4.1
4/23/2019 0:00,4:00:00,PM,472,2248,38,218,,4720,0.8,3.8
4/23/2019 0:00,5:00:00,PM,472,2250,46,216,-0.02,4720,0.78,4.6
4/23/2019 0:00,6:00:00,PM,472,2250,46,213,-0.41,4720,0.39,4.6
4/23/2019 0:00,7:00:00,PM,475,2253,46,211,-1.09,4750,-0.29,4.6
4/23/2019 0:00,8:00:00,PM,475,2253,46,208,-1.62,4750,-0.82,4.6
4/23/2019 0:00,9:00:00,PM,472,2253,48,208,-2.53,4720,-1.73,4.8
4/23/2019 0:00,10:00:00,PM,475,2258,46,208,-3.33,4750,-2.53,4.6
4/23/2019 0:00,11:00:00,PM,475,2261,46,208,-3.66,4750,-2.86,4.6
4/24/2019 0:00,12:00:00,AM,472,2164,48,208,-3.98,4720,-3.18,4.8
4/24/2019 0:00,1:00:00,AM,472,2273,46,211,-4.55,4720,-3.75,4.6
4/24/2019 0:00,2:00:00,AM,475,2281,48,211,-4.97,4750,-4.17,4.8
4/24/2019 0:00,3:00:00,AM,475,2286,48,213,-5.39,4750,-4.59,4.8
4/24/2019 0:00,4:00:00,AM,475,2291,46,213,-5.86,4750,-5.06,4.6
4/24/2019 0:00,5:00:00,AM,472,2296,46,213,-5.97,4720,-5.17,4.6
4/24/2019 0:00,6:00:00,AM,472,2296,46,213,-4.45,4720,-3.65,4.6
4/24/2019 0:00,7:00:00,AM,467,2296,41,213,-1.2,4670,-0.4,4.1
4/24/2019 0:00,8:00:00,AM,465,2296,43,211,-0.13,4650,0.67,4.3
4/24/2019 0:00,9:00:00,AM,467,2299,41,211,,4670,0.8,4.1
4/24/2019 0:00,10:00:00,AM,465,2301,38,208,,4650,0.8,3.8
4/24/2019 0:00,11:00:00,AM,467,2304,41,208,,4670,0.8,4.1
4/24/2019 0:00,12:00:00,PM,467,2306,38,203,,4670,0.8,3.8
4/24/2019 0:00,1:00:00,PM,467,2311,38,198,,4670,0.8,3.8
4/24/2019 0:00,2:00:00,PM,465,2311,38,193,0,4650,0.8,3.8
4/24/2019 0:00,3:00:00,PM,465,2319,36,188,-0.03,4650,0.77,3.6
4/24/2019 0:00,4:00:00,PM,465,2322,36,185,,4650,0.8,3.6
4/24/2019 0:00,5:00:00,PM,465,2324,38,183,0,4650,0.8,3.8
4/24/2019 0:00,6:00:00,PM,467,2329,41,180,-0.06,4670,0.74,4.1
4/24/2019 0:00,7:00:00,PM,467,2329,38,178,-0.25,4670,0.55,3.8
4/24/2019 0:00,8:00:00,PM,465,2332,41,178,-0.8,4650,0,4.1
4/24/2019 0:00,9:00:00,PM,465,2334,41,175,-1.43,4650,-0.63,4.1
4/24/2019 0:00,10:00:00,PM,467,2337,41,175,-1.91,4670,-1.11,4.1
4/24/2019 0:00,11:00:00,PM,467,2342,41,178,-1.91,4670,-1.11,4.1
4/25/2019 0:00,12:00:00,AM,467,2164,41,178,-2.35,4670,-1.55,4.1
4/25/2019 0:00,1:00:00,AM,467,2355,41,178,-2,4670,-1.2,4.1
4/25/2019 0:00,2:00:00,AM,467,2360,41,180,-1.29,4670,-0.49,4.1
4/25/2019 0:00,3:00:00,AM,467,2362,41,180,-0.83,4670,-0.03,4.1
4/25/2019 0:00,4:00:00,AM,467,2365,43,180,-0.94,4670,-0.14,4.3
4/25/2019 0:00,5:00:00,AM,467,2370,43,180,-1.39,4670,-0.59,4.3
4/25/2019 0:00,6:00:00,AM,467,2372,41,180,-0.74,4670,0.06,4.1
4/25/2019 0:00,7:00:00,AM,462,2367,36,178,,4620,0.8,3.6
4/25/2019 0:00,8:00:00,AM,462,2367,33,175,-0.1,4620,0.7,3.3
4/25/2019 0:00,9:00:00,AM,462,2370,33,175,-0.1,4620,0.7,3.3
4/25/2019 0:00,10:00:00,AM,462,2367,36,175,,4620,0.8,3.6
4/25/2019 0:00,11:00:00,AM,460,2370,33,170,,4600,0.8,3.3
4/25/2019 0:00,12:00:00,PM,457,2375,30,168,0,4570,0.8,3
4/25/2019 0:00,1:00:00,PM,457,2372,30,163,,4570,0.8,3
4/25/2019 0:00,2:00:00,PM,460,2375,28,155,,4600,0.8,2.8
4/25/2019 0:00,3:00:00,PM,457,2380,28,152,,4570,0.8,2.8
4/25/2019 0:00,4:00:00,PM,457,2380,25,147,,4570,0.8,2.5
4/25/2019 0:00,5:00:00,PM,460,2383,30,145,0,4600,0.8,3
4/25/2019 0:00,6:00:00,PM,460,2383,33,142,-0.11,4600,0.69,3.3
4/25/2019 0:00,7:00:00,PM,460,2385,30,142,-0.11,4600,0.69,3
4/25/2019 0:00,8:00:00,PM,460,2385,33,140,-0.14,4600,0.66,3.3
4/25/2019 0:00,9:00:00,PM,460,2385,33,140,-0.21,4600,0.59,3.3
4/25/2019 0:00,10:00:00,PM,460,2385,33,140,-0.3,4600,0.5,3.3
4/25/2019 0:00,11:00:00,PM,460,2388,33,142,-0.38,4600,0.42,3.3
4/26/2019 0:00,12:00:00,AM,460,2164,33,142,-0.45,4600,0.35,3.3
4/26/2019 0:00,1:00:00,AM,460,2393,33,142,-0.56,4600,0.24,3.3
4/26/2019 0:00,2:00:00,AM,460,2395,33,145,-0.65,4600,0.15,3.3
4/26/2019 0:00,3:00:00,AM,460,2398,33,145,-0.89,4600,-0.09,3.3
4/26/2019 0:00,4:00:00,AM,460,2400,33,145,-1.2,4600,-0.4,3.3
4/26/2019 0:00,5:00:00,AM,460,2400,33,142,-1.02,4600,-0.22,3.3
4/26/2019 0:00,6:00:00,AM,460,2400,33,142,-0.81,4600,-0.01,3.3
4/26/2019 0:00,7:00:00,AM,457,2398,28,140,-0.38,4570,0.42,2.8
4/26/2019 0:00,8:00:00,AM,455,2395,28,140,-0.18,4550,0.62,2.8
4/26/2019 0:00,9:00:00,AM,457,2395,30,140,-0.1,4570,0.7,3
4/26/2019 0:00,10:00:00,AM,457,2395,28,137,-0.01,4570,0.79,2.8
4/26/2019 0:00,11:00:00,AM,457,2395,28,132,-0.05,4570,0.75,2.8
4/26/2019 0:00,12:00:00,PM,455,2398,25,127,,4550,0.8,2.5
4/26/2019 0:00,1:00:00,PM,452,2398,25,122,,4520,0.8,2.5
4/26/2019 0:00,2:00:00,PM,452,2395,23,114,0,4520,0.8,2.3
4/26/2019 0:00,3:00:00,PM,452,2400,23,109,-0.04,4520,0.76,2.3
4/26/2019 0:00,4:00:00,PM,452,2400,20,104,-0.03,4520,0.77,2
4/26/2019 0:00,5:00:00,PM,452,2398,20,102,-0.05,4520,0.75,2
4/26/2019 0:00,6:00:00,PM,455,2395,23,102,-0.09,4550,0.71,2.3
4/26/2019 0:00,7:00:00,PM,452,2395,23,102,-0.17,4520,0.63,2.3
4/26/2019 0:00,8:00:00,PM,455,2390,23,102,-0.27,4550,0.53,2.3
4/26/2019 0:00,9:00:00,PM,455,2390,23,99,-0.32,4550,0.48,2.3
4/26/2019 0:00,10:00:00,PM,455,2390,25,99,-0.4,4550,0.4,2.5
4/26/2019 0:00,11:00:00,PM,455,2390,25,102,-0.59,4550,0.21,2.5
4/27/2019 0:00,12:00:00,AM,455,2162,25,102,-0.74,4550,0.06,2.5
4/27/2019 0:00,1:00:00,AM,455,2395,25,102,-0.71,4550,0.09,2.5
4/27/2019 0:00,2:00:00,AM,455,2395,25,104,-1.08,4550,-0.28,2.5
4/27/2019 0:00,3:00:00,AM,455,2398,25,104,-1.79,4550,-0.99,2.5
4/27/2019 0:00,4:00:00,AM,455,2398,25,107,-2.36,4550,-1.56,2.5
4/27/2019 0:00,5:00:00,AM,455,2398,25,107,-2.79,4550,-1.99,2.5
4/27/2019 0:00,6:00:00,AM,452,2395,25,107,-1.97,4520,-1.17,2.5
4/27/2019 0:00,7:00:00,AM,450,2393,20,102,-0.66,4500,0.14,2
4/27/2019 0:00,8:00:00,AM,452,2390,20,99,-0.24,4520,0.56,2
4/27/2019 0:00,9:00:00,AM,452,2390,20,99,-0.14,4520,0.66,2
4/27/2019 0:00,10:00:00,AM,450,2385,20,97,-0.07,4500,0.73,2
4/27/2019 0:00,11:00:00,AM,450,2385,20,91,0,4500,0.8,2
4/27/2019 0:00,12:00:00,PM,447,2385,18,84,,4470,0.8,1.8
4/27/2019 0:00,1:00:00,PM,447,2385,18,79,,4470,0.8,1.8
4/27/2019 0:00,2:00:00,PM,447,2385,15,74,,4470,0.8,1.5
4/27/2019 0:00,3:00:00,PM,447,2385,13,69,0,4470,0.8,1.3
4/27/2019 0:00,4:00:00,PM,450,2388,13,66,0,4500,0.8,1.3
4/27/2019 0:00,5:00:00,PM,447,2383,15,64,-0.01,4470,0.79,1.5
4/27/2019 0:00,6:00:00,PM,447,2383,18,64,-0.11,4470,0.69,1.8
4/27/2019 0:00,7:00:00,PM,447,2380,18,61,-0.27,4470,0.53,1.8
4/27/2019 0:00,8:00:00,PM,447,2372,18,61,-0.32,4470,0.48,1.8
4/27/2019 0:00,9:00:00,PM,450,2367,18,61,-0.81,4500,-0.01,1.8
4/27/2019 0:00,10:00:00,PM,450,2362,18,64,-0.88,4500,-0.08,1.8
4/27/2019 0:00,11:00:00,PM,450,2360,18,64,-1.51,4500,-0.71,1.8
4/28/2019 0:00,12:00:00,AM,450,2159,18,64,-1.7,4500,-0.9,1.8
4/28/2019 0:00,1:00:00,AM,450,2355,18,64,-2,4500,-1.2,1.8
4/28/2019 0:00,2:00:00,AM,450,2355,18,64,-2.58,4500,-1.78,1.8
4/28/2019 0:00,3:00:00,AM,450,2352,18,64,-3.27,4500,-2.47,1.8
4/28/2019 0:00,4:00:00,AM,450,2350,18,64,-3.6,4500,-2.8,1.8
4/28/2019 0:00,5:00:00,AM,450,2347,18,64,-3.73,4500,-2.93,1.8
4/28/2019 0:00,6:00:00,AM,450,2342,18,64,-3.19,4500,-2.39,1.8
4/28/2019 0:00,7:00:00,AM,447,2337,15,61,-1.9,4470,-1.1,1.5
4/28/2019 0:00,8:00:00,AM,444,2329,13,61,-0.67,4440,0.13,1.3
4/28/2019 0:00,9:00:00,AM,444,2329,13,61,-0.18,4440,0.62,1.3
4/28/2019 0:00,10:00:00,AM,444,2327,10,56,-0.12,4440,0.68,1
4/28/2019 0:00,11:00:00,AM,444,2324,10,51,-0.12,4440,0.68,1
4/28/2019 0:00,12:00:00,PM,442,2324,8,46,-0.07,4420,0.73,0.8
4/28/2019 0:00,1:00:00,PM,442,2324,5,43,,4420,0.8,0.5
4/28/2019 0:00,2:00:00,PM,442,2324,5,38,,4420,0.8,0.5
4/28/2019 0:00,3:00:00,PM,442,2324,3,33,0,4420,0.8,0.3
4/28/2019 0:00,4:00:00,PM,442,2324,3,28,0,4420,0.8,0.3
4/28/2019 0:00,5:00:00,PM,439,2322,8,28,-0.15,4390,0.65,0.8
4/28/2019 0:00,6:00:00,PM,444,2319,5,28,-0.74,4440,0.06,0.5
4/28/2019 0:00,7:00:00,PM,444,2316,5,28,-1.14,4440,-0.34,0.5
4/28/2019 0:00,8:00:00,PM,444,2311,8,28,-1.44,4440,-0.64,0.8
4/28/2019 0:00,9:00:00,PM,444,2306,8,25,-2.12,4440,-1.32,0.8
4/28/2019 0:00,10:00:00,PM,444,2306,8,25,-2.31,4440,-1.51,0.8
4/28/2019 0:00,11:00:00,PM,444,2301,8,25,-2.53,4440,-1.73,0.8
4/29/2019 0:00,12:00:00,AM,444,2154,8,25,-2.78,4440,-1.98,0.8
4/29/2019 0:00,1:00:00,AM,444,2301,8,25,-2.95,4440,-2.15,0.8
4/29/2019 0:00,2:00:00,AM,444,2301,8,25,-3.25,4440,-2.45,0.8
4/29/2019 0:00,3:00:00,AM,444,2296,8,25,-4.28,4440,-3.48,0.8
4/29/2019 0:00,4:00:00,AM,444,2296,8,25,-4.23,4440,-3.43,0.8
4/29/2019 0:00,5:00:00,AM,444,2291,8,25,-4.25,4440,-3.45,0.8
4/29/2019 0:00,6:00:00,AM,444,2283,8,25,-3.01,4440,-2.21,0.8
4/29/2019 0:00,7:00:00,AM,442,2273,3,33,-1.13,4420,-0.33,0.3
4/29/2019 0:00,8:00:00,AM,442,2271,3,30,-0.12,4420,0.68,0.3
4/29/2019 0:00,9:00:00,AM,442,2266,3,25,-0.16,4420,0.64,0.3
4/29/2019 0:00,10:00:00,AM,439,2261,3,20,-0.07,4390,0.73,0.3
4/29/2019 0:00,11:00:00,AM,437,2256,0,18,-0.05,4370,0.75,0
4/29/2019 0:00,12:00:00,PM,439,2253,0,13,0,4390,0.8,0
4/29/2019 0:00,1:00:00,PM,437,2253,0,8,0,4370,0.8,0
4/29/2019 0:00,2:00:00,PM,437,2250,0,5,-0.01,4370,0.79,0
4/29/2019 0:00,3:00:00,PM,439,2248,-3,0,-0.04,4390,0.76,-0.3
4/29/2019 0:00,4:00:00,PM,439,2245,-3,0,-0.13,4390,0.67,-0.3
4/29/2019 0:00,5:00:00,PM,439,2240,0,0,-0.29,4390,0.51,0
4/29/2019 0:00,6:00:00,PM,439,2235,0,0,-0.74,4390,0.06,0
4/29/2019 0:00,7:00:00,PM,439,2233,3,-3,-1.01,4390,-0.21,0.3
4/29/2019 0:00,8:00:00,PM,439,2222,3,-3,-1.86,4390,-1.06,0.3
4/29/2019 0:00,9:00:00,PM,437,2220,3,-3,-2.39,4370,-1.59,0.3
4/29/2019 0:00,10:00:00,PM,439,2215,0,-3,-2.85,4390,-2.05,0
4/29/2019 0:00,11:00:00,PM,439,2217,0,-3,-3.29,4390,-2.49,0
