date,hour,am/pm,burnside_snowdepth_cm,burnside_SWE_mm,leavittlk_snowdepth_cm,leavittil_SWE_mm,leavittmdw_snowdepth_cm,leavittmdw_SWE_mm,squaw _snowdepth_cm,squaw_SWE_mm
4/1/2019 0:00,12:00:00,AM,272,1113,513,2040,137,704,323,1598
4/1/2019 0:00,1:00:00,AM,272,1110,513,2042,137,698,323,1603
4/1/2019 0:00,2:00:00,AM,272,1113,511,2042,137,701,323,1603
4/1/2019 0:00,3:00:00,AM,272,1110,511,2045,137,701,323,1603
4/1/2019 0:00,4:00:00,AM,272,1110,511,2045,137,701,323,1603
4/1/2019 0:00,5:00:00,AM,272,1113,513,2042,137,701,323,1603
4/1/2019 0:00,6:00:00,AM,272,1110,511,2042,137,701,323,1603
4/1/2019 0:00,7:00:00,AM,269,1110,511,2042,137,698,320,1603
4/1/2019 0:00,8:00:00,AM,269,1107,508,2042,135,698,320,1603
4/1/2019 0:00,9:00:00,AM,267,1105,508,2040,132,696,318,1603
4/1/2019 0:00,10:00:00,AM,264,1110,508,2042,132,696,318,1603
4/1/2019 0:00,11:00:00,AM,264,1110,508,2045,132,698,315,1605
4/1/2019 0:00,12:00:00,PM,264,1110,508,2045,132,698,315,1605
4/1/2019 0:00,1:00:00,PM,264,1113,508,2047,132,701,318,1608
4/1/2019 0:00,2:00:00,PM,264,1110,505,2050,132,698,318,1610
4/1/2019 0:00,3:00:00,PM,267,1113,505,2055,130,704,318,1613
4/1/2019 0:00,4:00:00,PM,264,1113,505,2055,130,706,320,1618
4/1/2019 0:00,5:00:00,PM,267,1113,508,2057,132,701,318,1623
4/1/2019 0:00,6:00:00,PM,267,1113,508,2055,132,696,315,1626
4/1/2019 0:00,7:00:00,PM,267,1113,508,2055,132,693,320,1631
4/1/2019 0:00,8:00:00,PM,264,1113,511,2052,135,691,325,1633
4/1/2019 0:00,9:00:00,PM,269,1115,513,2055,132,688,328,1636
4/1/2019 0:00,10:00:00,PM,269,1113,513,2057,132,693,323,1638
4/1/2019 0:00,11:00:00,PM,272,1115,516,2060,132,696,323,1641
4/2/2019 0:00,12:00:00,AM,272,1113,513,2062,132,696,328,1643
4/2/2019 0:00,1:00:00,AM,272,1115,518,2065,132,698,325,1643
4/2/2019 0:00,2:00:00,AM,272,1115,518,2068,135,701,328,1648
4/2/2019 0:00,3:00:00,AM,272,1118,521,2075,132,706,330,1651
4/2/2019 0:00,4:00:00,AM,272,1118,521,2078,135,706,333,1654
4/2/2019 0:00,5:00:00,AM,274,1118,521,2078,132,701,335,1659
4/2/2019 0:00,6:00:00,AM,274,1118,521,2075,132,693,338,1659
4/2/2019 0:00,7:00:00,AM,269,1123,523,2073,135,693,335,1661
4/2/2019 0:00,8:00:00,AM,274,1125,521,2075,130,693,335,1661
4/2/2019 0:00,9:00:00,AM,277,1125,523,2073,130,688,338,1664
4/2/2019 0:00,10:00:00,AM,267,1125,521,2070,130,688,335,1664
4/2/2019 0:00,11:00:00,AM,277,1128,523,2075,130,688,335,1666
4/2/2019 0:00,12:00:00,PM,279,1130,526,2078,130,688,335,1669
4/2/2019 0:00,1:00:00,PM,279,1130,523,2075,132,681,338,1674
4/2/2019 0:00,2:00:00,PM,279,1133,528,2080,132,683,335,1676
4/2/2019 0:00,3:00:00,PM,279,1130,528,2080,132,683,335,1676
4/2/2019 0:00,4:00:00,PM,272,1133,533,2083,132,683,335,1676
4/2/2019 0:00,5:00:00,PM,279,1133,536,2083,132,681,335,1676
4/2/2019 0:00,6:00:00,PM,279,1130,536,2080,132,678,335,1676
4/2/2019 0:00,7:00:00,PM,279,1133,536,2080,132,676,338,1679
4/2/2019 0:00,8:00:00,PM,274,1130,533,2080,132,671,335,1676
4/2/2019 0:00,9:00:00,PM,279,1130,536,2078,135,665,335,1679
4/2/2019 0:00,10:00:00,PM,279,1130,536,2078,135,668,335,1679
4/2/2019 0:00,11:00:00,PM,279,1133,533,2078,135,665,338,1681
4/3/2019 0:00,12:00:00,AM,279,1133,533,2080,135,665,338,1681
4/3/2019 0:00,1:00:00,AM,279,1133,533,2078,135,665,338,1681
4/3/2019 0:00,2:00:00,AM,279,1133,533,2078,135,665,338,1681
4/3/2019 0:00,3:00:00,AM,279,1133,533,2080,135,665,338,1684
4/3/2019 0:00,4:00:00,AM,279,1130,533,2080,135,665,340,1684
4/3/2019 0:00,5:00:00,AM,279,1130,533,2078,135,663,340,1681
4/3/2019 0:00,6:00:00,AM,279,1133,533,2078,135,660,340,1684
4/3/2019 0:00,7:00:00,AM,274,1130,531,2075,130,660,338,1681
4/3/2019 0:00,8:00:00,AM,277,1130,528,2073,130,658,335,1681
4/3/2019 0:00,9:00:00,AM,274,1128,528,2075,130,660,335,1681
4/3/2019 0:00,10:00:00,AM,272,1128,528,2073,130,658,335,1681
4/3/2019 0:00,11:00:00,AM,272,1130,528,2073,127,658,335,1681
4/3/2019 0:00,12:00:00,PM,272,1133,526,2073,130,660,333,1684
4/3/2019 0:00,1:00:00,PM,269,1133,526,2073,127,655,330,1684
4/3/2019 0:00,2:00:00,PM,269,1133,523,2075,127,655,330,1687
4/3/2019 0:00,3:00:00,PM,269,1133,523,2078,130,658,330,1687
4/3/2019 0:00,4:00:00,PM,267,1133,523,2080,127,658,330,1684
4/3/2019 0:00,5:00:00,PM,269,1133,526,2080,130,655,330,1687
4/3/2019 0:00,6:00:00,PM,269,1128,526,2080,130,655,330,1687
4/3/2019 0:00,7:00:00,PM,269,1130,526,2080,130,655,330,1687
4/3/2019 0:00,8:00:00,PM,269,1130,526,2080,130,650,333,1687
4/3/2019 0:00,9:00:00,PM,269,1130,526,2080,130,650,330,1687
4/3/2019 0:00,10:00:00,PM,269,1130,526,2083,130,653,330,1687
4/3/2019 0:00,11:00:00,PM,269,1128,526,2085,132,653,330,1687
4/4/2019 0:00,12:00:00,AM,269,1130,526,2085,132,653,330,1687
4/4/2019 0:00,1:00:00,AM,269,1133,526,2085,132,655,330,1687
4/4/2019 0:00,2:00:00,AM,269,1133,523,2088,132,658,330,1687
4/4/2019 0:00,3:00:00,AM,269,1128,526,2090,132,660,330,1687
4/4/2019 0:00,4:00:00,AM,269,1130,526,2093,130,660,330,1687
4/4/2019 0:00,5:00:00,AM,269,1130,523,2093,132,660,330,1687
4/4/2019 0:00,6:00:00,AM,269,1128,526,2093,132,660,330,1684
4/4/2019 0:00,7:00:00,AM,267,1128,523,2090,130,660,330,1681
4/4/2019 0:00,8:00:00,AM,267,1125,521,2090,127,658,328,1681
4/4/2019 0:00,9:00:00,AM,267,1123,521,2090,127,655,328,1681
4/4/2019 0:00,10:00:00,AM,267,1128,518,2090,127,655,328,1681
4/4/2019 0:00,11:00:00,AM,267,1130,521,2090,127,655,328,1684
4/4/2019 0:00,12:00:00,PM,267,1130,521,2088,127,655,325,1684
4/4/2019 0:00,1:00:00,PM,267,1128,521,2093,127,655,323,1684
4/4/2019 0:00,2:00:00,PM,267,1130,521,2093,124,658,325,1684
4/4/2019 0:00,3:00:00,PM,267,1128,518,2093,127,655,328,1684
4/4/2019 0:00,4:00:00,PM,264,1125,521,2096,127,655,325,1689
4/4/2019 0:00,5:00:00,PM,264,1130,521,2098,127,655,330,1689
4/4/2019 0:00,6:00:00,PM,267,1125,523,2101,127,655,333,1692
4/4/2019 0:00,7:00:00,PM,267,1130,523,2096,130,650,335,1692
4/4/2019 0:00,8:00:00,PM,267,1130,523,2096,130,645,333,1692
4/4/2019 0:00,9:00:00,PM,267,1128,523,2093,130,645,333,1692
4/4/2019 0:00,10:00:00,PM,267,1130,523,2093,130,645,335,1692
4/4/2019 0:00,11:00:00,PM,267,1128,523,2093,130,645,333,1689
4/5/2019 0:00,12:00:00,AM,267,1128,523,2096,130,645,333,1692
4/5/2019 0:00,1:00:00,AM,269,1128,523,2096,130,648,333,1689
4/5/2019 0:00,2:00:00,AM,269,1125,523,2098,130,648,330,1692
4/5/2019 0:00,3:00:00,AM,267,1128,523,2101,130,655,328,1689
4/5/2019 0:00,4:00:00,AM,267,1128,523,2103,130,653,330,1692
4/5/2019 0:00,5:00:00,AM,267,1125,523,2101,130,653,330,1692
4/5/2019 0:00,6:00:00,AM,267,1128,523,2096,130,650,330,1689
4/5/2019 0:00,7:00:00,AM,267,1123,521,2096,127,648,330,1689
4/5/2019 0:00,8:00:00,AM,267,1123,521,2096,127,648,328,1689
4/5/2019 0:00,9:00:00,AM,264,1125,521,2096,127,643,328,1689
4/5/2019 0:00,10:00:00,AM,267,1123,521,2090,127,643,328,1689
4/5/2019 0:00,11:00:00,AM,264,1125,521,2093,127,638,325,1692
4/5/2019 0:00,12:00:00,PM,262,1128,521,2093,124,638,328,1692
4/5/2019 0:00,1:00:00,PM,264,1128,518,2093,127,638,330,1694
4/5/2019 0:00,2:00:00,PM,267,1125,521,2096,124,640,328,1697
4/5/2019 0:00,3:00:00,PM,267,1130,523,2093,124,638,330,1699
4/5/2019 0:00,4:00:00,PM,264,1128,521,2090,124,635,330,1699
4/5/2019 0:00,5:00:00,PM,267,1130,523,2093,124,635,330,1699
4/5/2019 0:00,6:00:00,PM,269,1130,523,2093,127,635,330,1699
4/5/2019 0:00,7:00:00,PM,269,1128,523,2093,127,632,333,1702
4/5/2019 0:00,8:00:00,PM,269,1128,523,2085,127,627,333,1702
4/5/2019 0:00,9:00:00,PM,269,1125,523,2088,127,630,333,1702
4/5/2019 0:00,10:00:00,PM,269,1128,523,2090,127,635,333,1704
4/5/2019 0:00,11:00:00,PM,269,1128,523,2090,127,635,333,1704
4/6/2019 0:00,12:00:00,AM,267,1128,523,2096,127,625,333,1704
4/6/2019 0:00,1:00:00,AM,267,1128,523,2093,127,638,333,1704
4/6/2019 0:00,2:00:00,AM,269,1125,523,2096,127,640,333,1707
4/6/2019 0:00,3:00:00,AM,269,1125,523,2098,127,640,335,1707
4/6/2019 0:00,4:00:00,AM,269,1128,526,2098,127,638,330,1707
4/6/2019 0:00,5:00:00,AM,269,1123,523,2101,127,635,333,1707
4/6/2019 0:00,6:00:00,AM,269,1123,528,2096,127,630,328,1704
4/6/2019 0:00,7:00:00,AM,269,1120,526,2093,124,627,,1707
4/6/2019 0:00,8:00:00,AM,267,1123,523,2096,124,627,335,1707
4/6/2019 0:00,9:00:00,AM,267,1118,523,2093,124,625,330,1702
4/6/2019 0:00,10:00:00,AM,267,1125,523,2090,124,615,328,1697
4/6/2019 0:00,11:00:00,AM,264,1125,523,2085,124,612,328,1697
4/6/2019 0:00,12:00:00,PM,264,1125,521,2085,119,617,325,1697
4/6/2019 0:00,1:00:00,PM,264,1128,523,2085,122,617,328,1697
4/6/2019 0:00,2:00:00,PM,262,1130,521,2085,122,617,325,1697
4/6/2019 0:00,3:00:00,PM,262,1125,521,2088,119,620,325,1694
4/6/2019 0:00,4:00:00,PM,264,1128,523,2085,119,617,325,1697
4/6/2019 0:00,5:00:00,PM,264,1128,523,2085,122,615,328,1697
4/6/2019 0:00,6:00:00,PM,264,1128,523,2088,122,612,325,1697
4/6/2019 0:00,7:00:00,PM,264,1125,523,2090,122,610,328,1702
4/6/2019 0:00,8:00:00,PM,264,1123,523,2085,122,607,328,1699
4/6/2019 0:00,9:00:00,PM,264,1123,521,2083,122,599,325,1702
4/6/2019 0:00,10:00:00,PM,264,1125,521,2083,122,605,328,1702
4/6/2019 0:00,11:00:00,PM,264,1123,521,2085,122,602,328,1702
4/7/2019 0:00,12:00:00,AM,264,1123,523,2096,122,602,325,1704
4/7/2019 0:00,1:00:00,AM,264,1123,521,2088,122,602,325,1704
4/7/2019 0:00,2:00:00,AM,264,1125,521,2093,122,607,325,1707
4/7/2019 0:00,3:00:00,AM,264,1123,521,2093,122,607,325,1704
4/7/2019 0:00,4:00:00,AM,264,1125,523,2093,122,607,325,1707
4/7/2019 0:00,5:00:00,AM,264,1123,523,2093,122,610,323,1707
4/7/2019 0:00,6:00:00,AM,264,1125,523,2090,122,605,325,1707
4/7/2019 0:00,7:00:00,AM,264,1123,521,2085,119,602,323,1707
4/7/2019 0:00,8:00:00,AM,259,1120,521,2088,119,602,320,1707
4/7/2019 0:00,9:00:00,AM,259,1123,518,2088,119,599,320,1707
4/7/2019 0:00,10:00:00,AM,259,1120,518,2085,117,594,323,1707
4/7/2019 0:00,11:00:00,AM,259,1123,518,2085,117,589,320,1707
4/7/2019 0:00,12:00:00,PM,259,1123,518,2085,114,587,320,1709
4/7/2019 0:00,1:00:00,PM,257,1123,518,2090,114,592,318,1709
4/7/2019 0:00,2:00:00,PM,257,1120,516,2093,114,597,320,1712
4/7/2019 0:00,3:00:00,PM,257,1120,516,2093,109,594,318,1712
4/7/2019 0:00,4:00:00,PM,257,1120,516,2093,109,594,318,1714
4/7/2019 0:00,5:00:00,PM,257,1118,516,2096,114,592,318,1712
4/7/2019 0:00,6:00:00,PM,259,1118,518,2093,114,584,318,1714
4/7/2019 0:00,7:00:00,PM,259,1118,518,2096,114,582,318,1712
4/7/2019 0:00,8:00:00,PM,259,1120,516,2090,114,577,318,1709
4/7/2019 0:00,9:00:00,PM,259,1115,516,2090,117,577,318,1707
4/7/2019 0:00,10:00:00,PM,259,1115,516,2093,114,577,318,1707
4/7/2019 0:00,11:00:00,PM,259,1113,518,2093,117,577,318,1707
4/8/2019 0:00,12:00:00,AM,259,1115,516,2096,117,574,318,1707
4/8/2019 0:00,1:00:00,AM,259,1113,516,2101,117,579,318,1707
4/8/2019 0:00,2:00:00,AM,259,1113,518,2106,117,582,318,1709
4/8/2019 0:00,3:00:00,AM,259,1115,516,2106,117,582,315,1707
4/8/2019 0:00,4:00:00,AM,259,1113,516,2108,114,582,315,1707
4/8/2019 0:00,5:00:00,AM,259,1113,516,2111,117,584,315,1707
4/8/2019 0:00,6:00:00,AM,259,1113,516,2108,117,582,315,1707
4/8/2019 0:00,7:00:00,AM,257,1110,516,2103,114,579,315,1704
4/8/2019 0:00,8:00:00,AM,257,1113,513,2106,114,582,315,1707
4/8/2019 0:00,9:00:00,AM,254,1113,513,2103,114,577,315,1702
4/8/2019 0:00,10:00:00,AM,254,1113,513,2103,112,574,312,1704
4/8/2019 0:00,11:00:00,AM,254,1110,511,2103,109,577,310,1702
4/8/2019 0:00,12:00:00,PM,251,1110,511,2106,109,574,310,1702
4/8/2019 0:00,1:00:00,PM,251,1110,511,2108,109,572,310,1702
4/8/2019 0:00,2:00:00,PM,251,1107,511,2111,109,572,310,1699
4/8/2019 0:00,3:00:00,PM,249,1107,508,2111,109,569,310,1694
4/8/2019 0:00,4:00:00,PM,249,1102,511,2111,107,566,310,1694
4/8/2019 0:00,5:00:00,PM,249,1105,511,2113,107,564,310,1694
4/8/2019 0:00,6:00:00,PM,251,1105,511,2113,109,561,310,1694
4/8/2019 0:00,7:00:00,PM,251,1105,511,2113,109,561,307,1697
4/8/2019 0:00,8:00:00,PM,251,1105,511,2113,109,556,307,1699
4/8/2019 0:00,9:00:00,PM,251,1105,511,2113,107,556,310,1704
4/8/2019 0:00,10:00:00,PM,251,1105,511,2121,107,559,310,1707
4/8/2019 0:00,11:00:00,PM,251,1105,762,2126,107,561,310,1707
4/9/2019 0:00,12:00:00,AM,251,1105,511,2129,109,556,307,1702
4/9/2019 0:00,1:00:00,AM,251,1107,511,2136,109,564,307,1704
4/9/2019 0:00,2:00:00,AM,251,1102,511,2136,109,564,310,1712
4/9/2019 0:00,3:00:00,AM,251,1102,511,2136,107,561,307,1707
4/9/2019 0:00,4:00:00,AM,251,1100,513,2136,109,559,310,1704
4/9/2019 0:00,5:00:00,AM,251,1105,516,2136,107,554,310,1702
4/9/2019 0:00,6:00:00,AM,251,1105,513,2129,107,546,310,1699
4/9/2019 0:00,7:00:00,AM,249,1095,513,2123,107,544,310,1699
4/9/2019 0:00,8:00:00,AM,249,1097,511,2121,104,541,307,1699
4/9/2019 0:00,9:00:00,AM,249,1095,511,2121,104,538,307,1699
4/9/2019 0:00,10:00:00,AM,246,1092,511,2118,104,536,305,1697
4/9/2019 0:00,11:00:00,AM,246,1097,511,2118,104,536,307,1699
4/9/2019 0:00,12:00:00,PM,246,1095,505,2118,104,533,305,1699
4/9/2019 0:00,1:00:00,PM,249,1097,505,2118,104,531,305,1697
4/9/2019 0:00,2:00:00,PM,246,1095,511,2121,104,533,302,1697
4/9/2019 0:00,3:00:00,PM,249,1097,505,2121,104,528,305,1697
4/9/2019 0:00,4:00:00,PM,249,1097,511,2118,104,528,305,1697
4/9/2019 0:00,5:00:00,PM,249,1092,513,2118,104,528,305,1697
4/9/2019 0:00,6:00:00,PM,249,1095,513,2116,107,526,307,1694
4/9/2019 0:00,7:00:00,PM,251,1097,513,2113,107,523,307,1692
4/9/2019 0:00,8:00:00,PM,251,1095,513,2111,107,523,307,1692
4/9/2019 0:00,9:00:00,PM,251,1095,513,2108,107,521,307,1689
4/9/2019 0:00,10:00:00,PM,251,1095,513,2111,107,521,307,1689
4/9/2019 0:00,11:00:00,PM,251,1095,513,2111,107,523,310,1687
4/10/2019 0:00,12:00:00,AM,251,1095,513,2134,107,528,310,1687
4/10/2019 0:00,1:00:00,AM,251,1095,513,2111,107,526,310,1684
4/10/2019 0:00,2:00:00,AM,251,1097,513,2113,107,528,307,1681
4/10/2019 0:00,3:00:00,AM,251,1095,513,2111,107,531,307,1681
4/10/2019 0:00,4:00:00,AM,251,1097,513,2113,107,533,307,1681
4/10/2019 0:00,5:00:00,AM,251,1095,513,2111,107,533,307,1676
4/10/2019 0:00,6:00:00,AM,251,1095,513,2108,107,531,307,1676
4/10/2019 0:00,7:00:00,AM,249,1092,511,2108,102,528,307,1674
4/10/2019 0:00,8:00:00,AM,246,1085,511,2103,102,518,305,1674
4/10/2019 0:00,9:00:00,AM,246,1080,511,2101,102,508,305,1674
4/10/2019 0:00,10:00:00,AM,246,1074,511,2098,99,505,305,1671
4/10/2019 0:00,11:00:00,AM,246,1085,508,2096,102,511,305,1671
4/10/2019 0:00,12:00:00,PM,246,1085,508,2098,99,516,305,1674
4/10/2019 0:00,1:00:00,PM,246,1090,508,2098,102,516,302,1676
4/10/2019 0:00,2:00:00,PM,246,1092,508,2098,102,518,302,1679
4/10/2019 0:00,3:00:00,PM,246,1090,508,2101,99,521,302,1679
4/10/2019 0:00,4:00:00,PM,246,1092,508,2101,99,518,302,1681
4/10/2019 0:00,5:00:00,PM,246,1090,511,2101,102,516,302,1681
4/10/2019 0:00,6:00:00,PM,249,1092,511,2103,102,516,305,1681
4/10/2019 0:00,7:00:00,PM,249,1092,511,2108,102,518,305,1679
4/10/2019 0:00,8:00:00,PM,249,1092,511,2103,104,516,305,1679
4/10/2019 0:00,9:00:00,PM,249,1090,511,2103,104,516,305,1681
4/10/2019 0:00,10:00:00,PM,249,1092,511,2106,104,523,307,1681
4/10/2019 0:00,11:00:00,PM,249,1090,511,2111,104,528,307,1679
4/11/2019 0:00,12:00:00,AM,249,1092,511,2134,104,526,307,1679
4/11/2019 0:00,1:00:00,AM,249,1090,511,2116,104,536,307,1679
4/11/2019 0:00,2:00:00,AM,249,1092,511,2118,104,538,307,1679
4/11/2019 0:00,3:00:00,AM,249,1092,511,2121,104,541,307,1679
4/11/2019 0:00,4:00:00,AM,249,1090,511,2123,104,544,307,1676
4/11/2019 0:00,5:00:00,AM,249,1090,511,2123,104,544,307,1674
4/11/2019 0:00,6:00:00,AM,246,1085,508,2121,104,544,307,1674
4/11/2019 0:00,7:00:00,AM,244,1085,508,2121,102,538,305,1671
4/11/2019 0:00,8:00:00,AM,246,1080,508,2123,99,533,302,1671
4/11/2019 0:00,9:00:00,AM,244,1080,505,2123,99,526,300,1669
4/11/2019 0:00,10:00:00,AM,246,1074,508,2123,99,526,302,1671
4/11/2019 0:00,11:00:00,AM,246,1080,508,2126,99,528,302,1671
4/11/2019 0:00,12:00:00,PM,246,1080,505,2131,102,531,302,1671
4/11/2019 0:00,1:00:00,PM,244,1077,508,2131,99,533,302,1676
4/11/2019 0:00,2:00:00,PM,246,1082,508,2134,99,536,305,1679
4/11/2019 0:00,3:00:00,PM,246,1085,511,2139,97,538,302,1681
4/11/2019 0:00,4:00:00,PM,246,1082,511,2139,99,538,305,1681
4/11/2019 0:00,5:00:00,PM,246,1082,508,2139,99,533,305,1681
4/11/2019 0:00,6:00:00,PM,246,1082,511,2139,99,533,305,1681
4/11/2019 0:00,7:00:00,PM,246,1082,511,2139,102,531,305,1681
4/11/2019 0:00,8:00:00,PM,249,1085,511,2136,102,526,305,1681
4/11/2019 0:00,9:00:00,PM,249,1087,511,2131,102,523,305,1679
4/11/2019 0:00,10:00:00,PM,246,1087,511,2134,102,523,305,1679
4/11/2019 0:00,11:00:00,PM,246,1087,511,2131,102,523,305,1679
4/12/2019 0:00,12:00:00,AM,246,1090,508,2134,102,523,305,1679
4/12/2019 0:00,1:00:00,AM,246,1090,511,2131,102,523,305,1674
4/12/2019 0:00,2:00:00,AM,246,1092,511,2134,102,523,305,1674
4/12/2019 0:00,3:00:00,AM,246,1095,511,2131,102,523,305,1671
4/12/2019 0:00,4:00:00,AM,246,1092,,2131,102,526,307,1671
4/12/2019 0:00,5:00:00,AM,246,1092,,2129,102,521,305,1669
4/12/2019 0:00,6:00:00,AM,246,1090,,2129,102,521,305,1669
4/12/2019 0:00,7:00:00,AM,244,1090,508,2123,99,516,305,1666
4/12/2019 0:00,8:00:00,AM,244,1087,508,2123,99,516,302,1666
4/12/2019 0:00,9:00:00,AM,244,1080,505,2121,94,513,302,1666
4/12/2019 0:00,10:00:00,AM,244,1077,508,2118,94,513,302,1664
4/12/2019 0:00,11:00:00,AM,241,1077,505,2116,94,513,300,1664
4/12/2019 0:00,12:00:00,PM,241,1074,508,2116,94,511,300,1666
4/12/2019 0:00,1:00:00,PM,244,1080,508,2116,94,511,300,1669
4/12/2019 0:00,2:00:00,PM,244,1082,508,2116,91,508,300,1676
4/12/2019 0:00,3:00:00,PM,244,1080,508,2116,91,508,300,1679
4/12/2019 0:00,4:00:00,PM,241,1082,508,2116,91,505,300,1681
4/12/2019 0:00,5:00:00,PM,241,1082,508,2116,94,503,297,1681
4/12/2019 0:00,6:00:00,PM,244,1082,508,2113,97,498,302,1681
4/12/2019 0:00,7:00:00,PM,246,1085,508,2113,97,498,305,1684
4/12/2019 0:00,8:00:00,PM,246,1080,511,2111,97,495,305,1681
4/12/2019 0:00,9:00:00,PM,246,1082,511,2111,97,498,305,1681
4/12/2019 0:00,10:00:00,PM,246,1082,508,2108,97,498,305,1681
4/12/2019 0:00,11:00:00,PM,246,1085,508,2108,97,498,305,1681
4/13/2019 0:00,12:00:00,AM,246,1085,511,2134,97,500,302,1681
4/13/2019 0:00,1:00:00,AM,246,1082,508,2111,99,505,305,1681
4/13/2019 0:00,2:00:00,AM,246,1082,508,2111,99,513,302,1681
4/13/2019 0:00,3:00:00,AM,246,1082,508,2111,99,511,305,1681
4/13/2019 0:00,4:00:00,AM,246,1087,508,2113,99,513,305,1679
4/13/2019 0:00,5:00:00,AM,246,1085,508,2113,97,513,305,1676
4/13/2019 0:00,6:00:00,AM,246,1087,508,2108,97,511,302,1674
4/13/2019 0:00,7:00:00,AM,241,1085,505,2106,91,505,300,1674
4/13/2019 0:00,8:00:00,AM,244,1080,505,2106,91,493,300,1671
4/13/2019 0:00,9:00:00,AM,241,1080,505,2106,91,483,300,1671
4/13/2019 0:00,10:00:00,AM,239,1072,505,2103,91,480,300,1669
4/13/2019 0:00,11:00:00,AM,239,1067,503,2101,91,483,300,1669
4/13/2019 0:00,12:00:00,PM,239,1069,503,2103,91,485,300,1676
4/13/2019 0:00,1:00:00,PM,239,1074,503,2103,91,485,300,1681
4/13/2019 0:00,2:00:00,PM,239,1072,503,2106,89,485,297,1684
4/13/2019 0:00,3:00:00,PM,239,1077,503,2108,89,485,297,1687
4/13/2019 0:00,4:00:00,PM,239,1074,503,2113,89,485,297,1687
4/13/2019 0:00,5:00:00,PM,239,1072,503,2113,89,480,297,1689
4/13/2019 0:00,6:00:00,PM,239,1074,505,2113,91,478,300,1689
4/13/2019 0:00,7:00:00,PM,241,1069,505,2116,91,478,297,1689
4/13/2019 0:00,8:00:00,PM,241,1074,505,2118,94,475,300,1687
4/13/2019 0:00,9:00:00,PM,241,1072,505,2113,91,472,300,1687
4/13/2019 0:00,10:00:00,PM,241,1074,505,2116,91,475,297,1687
4/13/2019 0:00,11:00:00,PM,241,1074,505,2118,91,475,300,1687
4/14/2019 0:00,12:00:00,AM,241,1072,505,2134,94,480,300,1679
4/14/2019 0:00,1:00:00,AM,241,1069,505,2121,91,480,300,1684
4/14/2019 0:00,2:00:00,AM,239,1069,505,2126,91,488,297,1684
4/14/2019 0:00,3:00:00,AM,241,1072,505,2126,94,485,300,1684
4/14/2019 0:00,4:00:00,AM,241,1069,505,2131,94,490,300,1684
4/14/2019 0:00,5:00:00,AM,241,1069,505,2129,91,485,300,1681
4/14/2019 0:00,6:00:00,AM,241,1069,503,2129,91,485,297,1679
4/14/2019 0:00,7:00:00,AM,241,1069,503,2126,91,478,300,1679
4/14/2019 0:00,8:00:00,AM,239,1067,500,2126,89,475,297,1679
4/14/2019 0:00,9:00:00,AM,239,1059,500,2123,91,475,297,1679
4/14/2019 0:00,10:00:00,AM,239,1064,500,2121,91,472,297,1681
4/14/2019 0:00,11:00:00,AM,239,1067,500,2123,89,472,297,1681
4/14/2019 0:00,12:00:00,PM,236,1064,500,2129,86,475,297,1681
4/14/2019 0:00,1:00:00,PM,236,1067,500,2129,86,475,297,1684
4/14/2019 0:00,2:00:00,PM,234,1067,500,2134,86,475,297,1687
4/14/2019 0:00,3:00:00,PM,236,1064,500,2136,84,472,297,1684
4/14/2019 0:00,4:00:00,PM,236,1064,500,2139,84,470,297,1681
4/14/2019 0:00,5:00:00,PM,236,1059,500,2139,86,467,297,1681
4/14/2019 0:00,6:00:00,PM,236,1059,500,2139,86,465,297,1681
4/14/2019 0:00,7:00:00,PM,236,1059,500,2139,86,460,297,1679
4/14/2019 0:00,8:00:00,PM,236,1062,500,2134,86,455,297,1676
4/14/2019 0:00,9:00:00,PM,236,1059,500,2131,86,450,297,1676
4/14/2019 0:00,10:00:00,PM,236,1057,500,2131,86,450,297,1676
4/14/2019 0:00,11:00:00,PM,236,1057,500,2131,86,450,297,1676
4/15/2019 0:00,12:00:00,AM,236,1059,503,2134,86,450,297,1676
4/15/2019 0:00,1:00:00,AM,239,1059,500,2134,86,447,297,1674
4/15/2019 0:00,2:00:00,AM,236,1057,503,2136,86,450,297,1674
4/15/2019 0:00,3:00:00,AM,236,1059,503,2136,86,447,297,1674
4/15/2019 0:00,4:00:00,AM,236,1059,500,2139,86,447,297,1674
4/15/2019 0:00,5:00:00,AM,236,1057,500,2136,86,447,297,1674
4/15/2019 0:00,6:00:00,AM,239,1059,500,2136,86,444,297,1674
4/15/2019 0:00,7:00:00,AM,236,1057,500,2136,86,447,297,1671
4/15/2019 0:00,8:00:00,AM,236,1057,500,2131,86,447,297,1674
4/15/2019 0:00,9:00:00,AM,236,1059,500,2131,84,447,295,1676
4/15/2019 0:00,10:00:00,AM,234,1059,498,2129,84,447,295,1676
4/15/2019 0:00,11:00:00,AM,234,1059,500,2131,81,444,295,1679
4/15/2019 0:00,12:00:00,PM,234,1057,500,2139,81,442,295,1679
4/15/2019 0:00,1:00:00,PM,234,1054,498,2136,81,439,295,1679
4/15/2019 0:00,2:00:00,PM,234,1054,500,2136,81,437,297,1679
4/15/2019 0:00,3:00:00,PM,234,1054,500,2136,84,432,297,1681
4/15/2019 0:00,4:00:00,PM,236,1054,500,2136,81,429,297,1681
4/15/2019 0:00,5:00:00,PM,236,1054,503,2136,84,427,300,1681
4/15/2019 0:00,6:00:00,PM,239,1054,505,2136,81,427,300,1684
4/15/2019 0:00,7:00:00,PM,239,1054,505,2139,84,424,302,1687
4/15/2019 0:00,8:00:00,PM,239,1054,508,2136,84,419,305,1689
4/15/2019 0:00,9:00:00,PM,239,1054,511,2136,84,419,305,1687
4/15/2019 0:00,10:00:00,PM,241,1054,511,2134,84,417,302,1681
4/15/2019 0:00,11:00:00,PM,239,1052,511,2136,84,414,297,1681
4/16/2019 0:00,12:00:00,AM,239,1054,513,2146,84,419,300,1681
4/16/2019 0:00,1:00:00,AM,239,1052,513,2139,84,414,297,1681
4/16/2019 0:00,2:00:00,AM,236,1054,513,2141,84,417,297,1679
4/16/2019 0:00,3:00:00,AM,239,1054,511,2144,84,417,302,1681
4/16/2019 0:00,4:00:00,AM,241,1052,511,2141,84,414,300,1681
4/16/2019 0:00,5:00:00,AM,241,1054,511,2139,84,414,300,1681
4/16/2019 0:00,6:00:00,AM,241,1049,511,2139,84,411,300,1679
4/16/2019 0:00,7:00:00,AM,239,1049,511,2136,84,406,300,1681
4/16/2019 0:00,8:00:00,AM,236,1052,508,2131,79,404,300,1681
4/16/2019 0:00,9:00:00,AM,231,1052,508,2129,79,401,297,1681
4/16/2019 0:00,10:00:00,AM,234,1052,503,2123,79,394,297,1681
4/16/2019 0:00,11:00:00,AM,234,1052,505,2123,79,399,295,1681
4/16/2019 0:00,12:00:00,PM,231,1054,505,2121,79,399,295,1687
4/16/2019 0:00,1:00:00,PM,231,1054,503,2121,79,399,295,1687
4/16/2019 0:00,2:00:00,PM,231,1054,505,2121,76,396,295,1687
4/16/2019 0:00,3:00:00,PM,231,1054,505,2121,76,396,295,1687
4/16/2019 0:00,4:00:00,PM,229,1054,505,2121,76,394,295,1687
4/16/2019 0:00,5:00:00,PM,231,1052,505,2121,76,389,295,1687
4/16/2019 0:00,6:00:00,PM,231,1049,505,2118,79,389,297,1687
4/16/2019 0:00,7:00:00,PM,234,1052,505,2116,79,386,300,1689
4/16/2019 0:00,8:00:00,PM,234,1052,508,2113,79,384,297,1689
4/16/2019 0:00,9:00:00,PM,234,1052,508,2111,81,384,300,1687
4/16/2019 0:00,10:00:00,PM,234,1054,508,2111,81,386,300,1687
4/16/2019 0:00,11:00:00,PM,234,1054,505,2111,79,386,300,1689
4/17/2019 0:00,12:00:00,AM,234,1052,505,2159,81,386,300,1689
4/17/2019 0:00,1:00:00,AM,234,1054,508,2116,81,391,297,1687
4/17/2019 0:00,2:00:00,AM,234,1054,505,2118,81,394,300,1687
4/17/2019 0:00,3:00:00,AM,234,1057,505,2121,81,396,300,1687
4/17/2019 0:00,4:00:00,AM,231,1057,505,2121,81,399,300,1681
4/17/2019 0:00,5:00:00,AM,234,1059,508,2121,81,399,300,1681
4/17/2019 0:00,6:00:00,AM,231,1057,505,2118,81,399,297,1679
4/17/2019 0:00,7:00:00,AM,229,1057,500,2113,74,391,295,1679
4/17/2019 0:00,8:00:00,AM,231,1049,503,2116,76,384,292,1674
4/17/2019 0:00,9:00:00,AM,231,1041,503,2113,74,381,292,1674
4/17/2019 0:00,10:00:00,AM,229,1034,503,2113,74,378,290,1679
4/17/2019 0:00,11:00:00,AM,226,1041,503,2113,71,381,292,1681
4/17/2019 0:00,12:00:00,PM,229,1044,503,2116,74,386,290,1684
4/17/2019 0:00,1:00:00,PM,226,1044,503,2116,71,386,292,1687
4/17/2019 0:00,2:00:00,PM,226,1044,500,2116,71,384,290,1689
4/17/2019 0:00,3:00:00,PM,224,1044,498,2121,71,384,290,1689
4/17/2019 0:00,4:00:00,PM,226,1044,500,2121,69,384,290,1689
4/17/2019 0:00,5:00:00,PM,224,1044,500,2123,74,381,290,1689
4/17/2019 0:00,6:00:00,PM,226,1044,500,2123,74,378,292,1692
4/17/2019 0:00,7:00:00,PM,226,1046,500,2123,74,373,295,1692
4/17/2019 0:00,8:00:00,PM,229,1046,500,2123,74,371,295,1692
4/17/2019 0:00,9:00:00,PM,229,1046,500,2123,76,371,295,1692
4/17/2019 0:00,10:00:00,PM,229,1046,500,2123,76,373,292,1694
4/17/2019 0:00,11:00:00,PM,229,1049,500,2126,76,376,295,1692
4/18/2019 0:00,12:00:00,AM,229,1052,500,2164,76,376,295,1684
4/18/2019 0:00,1:00:00,AM,226,1054,500,2129,76,381,295,1692
4/18/2019 0:00,2:00:00,AM,226,1054,500,2134,76,386,295,1694
4/18/2019 0:00,3:00:00,AM,226,1054,500,2134,76,386,295,1692
4/18/2019 0:00,4:00:00,AM,226,1054,500,2134,76,389,295,1692
4/18/2019 0:00,5:00:00,AM,226,1054,500,2134,76,389,295,1692
4/18/2019 0:00,6:00:00,AM,224,1054,500,2131,76,386,292,1689
4/18/2019 0:00,7:00:00,AM,224,1049,495,2131,71,381,292,1689
4/18/2019 0:00,8:00:00,AM,226,1034,495,2131,71,376,290,1687
4/18/2019 0:00,9:00:00,AM,226,1019,495,2129,71,371,290,1684
4/18/2019 0:00,10:00:00,AM,221,1026,495,2129,69,368,290,1687
4/18/2019 0:00,11:00:00,AM,224,1031,495,2129,69,371,287,1687
4/18/2019 0:00,12:00:00,PM,224,1034,495,2131,66,376,284,1689
4/18/2019 0:00,1:00:00,PM,221,1034,495,2131,66,373,284,1687
4/18/2019 0:00,2:00:00,PM,221,1031,493,2134,69,376,287,1689
4/18/2019 0:00,3:00:00,PM,218,1031,493,2139,66,373,287,1692
4/18/2019 0:00,4:00:00,PM,221,1034,493,2141,64,371,287,1692
4/18/2019 0:00,5:00:00,PM,218,1034,493,2144,69,368,287,1689
4/18/2019 0:00,6:00:00,PM,218,1034,495,2149,69,368,287,1687
4/18/2019 0:00,7:00:00,PM,224,1031,495,2149,71,366,290,1694
4/18/2019 0:00,8:00:00,PM,224,1031,495,2146,71,361,290,1707
4/18/2019 0:00,9:00:00,PM,224,1034,495,2146,71,358,290,1717
4/18/2019 0:00,10:00:00,PM,224,1036,495,2149,71,361,290,1722
4/18/2019 0:00,11:00:00,PM,224,1036,495,2149,71,363,290,1727
4/19/2019 0:00,12:00:00,AM,224,1039,495,2164,71,366,290,1669
4/19/2019 0:00,1:00:00,AM,224,1039,495,2154,71,368,290,1732
4/19/2019 0:00,2:00:00,AM,224,1039,495,2159,74,371,290,1730
4/19/2019 0:00,3:00:00,AM,224,1039,495,2159,71,373,290,1730
4/19/2019 0:00,4:00:00,AM,224,1039,495,2159,71,378,290,1730
4/19/2019 0:00,5:00:00,AM,224,1039,495,2159,74,376,290,1727
4/19/2019 0:00,6:00:00,AM,224,1036,495,2159,71,376,290,1725
4/19/2019 0:00,7:00:00,AM,221,1026,493,2154,66,371,290,1722
4/19/2019 0:00,8:00:00,AM,218,1008,493,2154,66,366,287,1720
4/19/2019 0:00,9:00:00,AM,216,1008,493,2154,66,366,287,1720
4/19/2019 0:00,10:00:00,AM,216,1019,493,2156,66,366,287,1717
4/19/2019 0:00,11:00:00,AM,216,1019,490,2156,64,366,284,1717
4/19/2019 0:00,12:00:00,PM,216,1019,490,2159,64,366,284,1714
4/19/2019 0:00,1:00:00,PM,216,1019,490,2159,66,363,282,1714
4/19/2019 0:00,2:00:00,PM,216,1016,490,2162,64,363,284,1712
4/19/2019 0:00,3:00:00,PM,216,1013,488,2164,64,361,282,1709
4/19/2019 0:00,4:00:00,PM,216,1013,488,2167,64,358,282,1709
4/19/2019 0:00,5:00:00,PM,216,1013,488,2167,64,351,282,1707
4/19/2019 0:00,6:00:00,PM,216,1011,490,2169,66,351,282,1704
4/19/2019 0:00,7:00:00,PM,216,1011,490,2172,66,348,282,1707
4/19/2019 0:00,8:00:00,PM,218,1013,490,2172,66,345,284,1714
4/19/2019 0:00,9:00:00,PM,218,1013,490,2177,66,345,284,1725
4/19/2019 0:00,10:00:00,PM,218,1011,490,2179,66,345,284,1730
4/19/2019 0:00,11:00:00,PM,218,1011,490,2182,66,345,284,1735
4/20/2019 0:00,12:00:00,AM,218,1011,490,2164,66,345,284,1654
4/20/2019 0:00,1:00:00,AM,216,1011,490,2184,66,345,282,1735
4/20/2019 0:00,2:00:00,AM,218,1011,490,2187,66,345,282,1732
4/20/2019 0:00,3:00:00,AM,218,1008,490,2192,66,345,282,1730
4/20/2019 0:00,4:00:00,AM,218,1006,490,2195,66,345,282,1727
4/20/2019 0:00,5:00:00,AM,218,1006,490,2200,66,345,284,1722
4/20/2019 0:00,6:00:00,AM,218,1006,490,2205,66,343,282,1720
4/20/2019 0:00,7:00:00,AM,218,1003,490,2210,66,340,282,1717
4/20/2019 0:00,8:00:00,AM,218,1006,488,2217,66,340,282,1712
4/20/2019 0:00,9:00:00,AM,216,1001,488,2222,64,338,282,1709
4/20/2019 0:00,10:00:00,AM,216,1001,485,2222,61,335,282,1707
4/20/2019 0:00,11:00:00,AM,216,1001,485,2228,61,330,282,1704
4/20/2019 0:00,12:00:00,PM,213,1001,485,2235,61,333,279,1702
4/20/2019 0:00,1:00:00,PM,213,1001,485,2240,61,330,282,1699
4/20/2019 0:00,2:00:00,PM,213,1001,488,2248,61,325,282,1697
4/20/2019 0:00,3:00:00,PM,213,998,488,2250,58,318,279,1692
4/20/2019 0:00,4:00:00,PM,213,998,488,2256,56,312,279,1689
4/20/2019 0:00,5:00:00,PM,213,998,488,2256,58,310,282,1687
4/20/2019 0:00,6:00:00,PM,216,996,488,2258,61,310,282,1679
4/20/2019 0:00,7:00:00,PM,216,996,488,2263,61,305,282,1676
4/20/2019 0:00,8:00:00,PM,216,993,488,2263,61,305,282,1674
4/20/2019 0:00,9:00:00,PM,216,993,488,2258,61,300,282,1671
4/20/2019 0:00,10:00:00,PM,216,993,488,2258,61,300,282,1669
4/20/2019 0:00,11:00:00,PM,216,996,488,2261,61,302,282,1669
4/21/2019 0:00,12:00:00,AM,216,1003,488,2164,61,305,282,1646
4/21/2019 0:00,1:00:00,AM,216,998,488,2261,61,310,282,1664
4/21/2019 0:00,2:00:00,AM,216,1001,488,2261,61,312,282,1661
4/21/2019 0:00,3:00:00,AM,216,1001,488,2261,61,312,282,1656
4/21/2019 0:00,4:00:00,AM,216,1003,488,2258,64,315,282,1651
4/21/2019 0:00,5:00:00,AM,216,1003,488,2258,64,318,282,1648
4/21/2019 0:00,6:00:00,AM,216,1003,488,2253,61,318,282,1648
4/21/2019 0:00,7:00:00,AM,213,1001,485,2250,58,310,279,1648
4/21/2019 0:00,8:00:00,AM,213,991,483,2250,56,292,279,1651
4/21/2019 0:00,9:00:00,AM,213,980,485,2250,56,282,277,1651
4/21/2019 0:00,10:00:00,AM,213,983,483,2245,56,282,277,1651
4/21/2019 0:00,11:00:00,AM,211,988,485,2245,56,284,274,1651
4/21/2019 0:00,12:00:00,PM,211,988,485,2245,53,284,277,1654
4/21/2019 0:00,1:00:00,PM,211,988,483,2248,56,284,277,1654
4/21/2019 0:00,2:00:00,PM,208,986,483,2245,53,282,277,1654
4/21/2019 0:00,3:00:00,PM,208,986,483,2248,53,279,274,1654
4/21/2019 0:00,4:00:00,PM,208,983,483,2248,56,274,274,1654
4/21/2019 0:00,5:00:00,PM,208,983,485,2248,56,274,277,1654
4/21/2019 0:00,6:00:00,PM,211,983,485,2245,56,272,277,1651
4/21/2019 0:00,7:00:00,PM,211,986,485,2245,58,267,279,1651
4/21/2019 0:00,8:00:00,PM,211,988,485,2245,58,267,279,1648
4/21/2019 0:00,9:00:00,PM,211,991,485,2245,58,267,279,1643
4/21/2019 0:00,10:00:00,PM,211,993,485,2245,58,272,279,1643
4/21/2019 0:00,11:00:00,PM,211,996,485,2243,58,272,279,1643
4/22/2019 0:00,12:00:00,AM,211,998,485,2164,58,277,279,1643
4/22/2019 0:00,1:00:00,AM,211,998,485,2243,58,282,279,1641
4/22/2019 0:00,2:00:00,AM,211,1001,485,2248,58,284,279,1641
4/22/2019 0:00,3:00:00,AM,211,1001,485,2248,58,287,279,1638
4/22/2019 0:00,4:00:00,AM,211,1001,485,2245,58,287,279,1636
4/22/2019 0:00,5:00:00,AM,211,1001,485,2243,58,287,279,1633
4/22/2019 0:00,6:00:00,AM,211,1001,485,2240,58,284,277,1631
4/22/2019 0:00,7:00:00,AM,208,993,483,2238,53,279,277,1631
4/22/2019 0:00,8:00:00,AM,208,975,483,2235,53,269,274,1631
4/22/2019 0:00,9:00:00,AM,208,958,483,2235,51,267,274,1633
4/22/2019 0:00,10:00:00,AM,208,963,483,2233,53,267,272,1633
4/22/2019 0:00,11:00:00,AM,203,973,483,2233,51,267,274,1633
4/22/2019 0:00,12:00:00,PM,206,973,483,2233,51,264,272,1636
4/22/2019 0:00,1:00:00,PM,203,973,483,2230,53,259,272,1636
4/22/2019 0:00,2:00:00,PM,203,973,480,2233,51,257,269,1636
4/22/2019 0:00,3:00:00,PM,206,970,480,2235,48,254,269,1636
4/22/2019 0:00,4:00:00,PM,203,970,480,2233,46,249,269,1636
4/22/2019 0:00,5:00:00,PM,203,970,480,2233,51,246,269,1636
4/22/2019 0:00,6:00:00,PM,206,975,480,2235,51,244,272,1633
4/22/2019 0:00,7:00:00,PM,208,978,480,2238,53,244,272,1633
4/22/2019 0:00,8:00:00,PM,208,980,480,2233,51,239,272,1636
4/22/2019 0:00,9:00:00,PM,206,980,480,2233,53,239,274,1636
4/22/2019 0:00,10:00:00,PM,206,983,480,2233,53,241,274,1641
4/22/2019 0:00,11:00:00,PM,206,986,480,2233,53,241,272,1643
4/23/2019 0:00,12:00:00,AM,208,991,480,2164,53,241,272,1643
4/23/2019 0:00,1:00:00,AM,208,993,480,2233,53,241,269,1643
4/23/2019 0:00,2:00:00,AM,208,993,480,2235,51,246,272,1641
4/23/2019 0:00,3:00:00,AM,208,993,480,2240,53,246,272,1638
4/23/2019 0:00,4:00:00,AM,208,991,480,2243,53,249,272,1636
4/23/2019 0:00,5:00:00,AM,208,988,480,2243,53,249,272,1633
4/23/2019 0:00,6:00:00,AM,206,986,480,2240,53,246,272,1633
4/23/2019 0:00,7:00:00,AM,203,978,478,2240,48,246,269,1633
4/23/2019 0:00,8:00:00,AM,203,947,478,2240,48,246,269,1631
4/23/2019 0:00,9:00:00,AM,203,942,478,2238,48,246,269,1631
4/23/2019 0:00,10:00:00,AM,203,955,478,2238,48,244,267,1628
4/23/2019 0:00,11:00:00,AM,201,960,478,2240,48,241,267,1628
4/23/2019 0:00,12:00:00,PM,201,960,475,2243,46,239,267,1626
4/23/2019 0:00,1:00:00,PM,201,958,472,2243,43,234,264,1626
4/23/2019 0:00,2:00:00,PM,198,955,472,2243,43,229,262,1626
4/23/2019 0:00,3:00:00,PM,198,955,472,2245,41,224,262,1626
4/23/2019 0:00,4:00:00,PM,198,960,472,2248,38,218,259,1623
4/23/2019 0:00,5:00:00,PM,196,963,472,2250,46,216,259,1623
4/23/2019 0:00,6:00:00,PM,198,965,472,2250,46,213,267,1623
4/23/2019 0:00,7:00:00,PM,201,968,475,2253,46,211,267,1626
4/23/2019 0:00,8:00:00,PM,203,970,475,2253,46,208,267,1631
4/23/2019 0:00,9:00:00,PM,203,970,472,2253,48,208,267,1636
4/23/2019 0:00,10:00:00,PM,203,970,475,2258,46,208,267,1638
4/23/2019 0:00,11:00:00,PM,203,970,475,2261,46,208,267,1641
4/24/2019 0:00,12:00:00,AM,203,970,472,2164,48,208,269,1638
4/24/2019 0:00,1:00:00,AM,203,970,472,2273,46,211,269,1638
4/24/2019 0:00,2:00:00,AM,203,970,475,2281,48,211,269,1633
4/24/2019 0:00,3:00:00,AM,201,970,475,2286,48,213,267,1633
4/24/2019 0:00,4:00:00,AM,201,970,475,2291,46,213,267,1631
4/24/2019 0:00,5:00:00,AM,201,970,472,2296,46,213,267,1626
4/24/2019 0:00,6:00:00,AM,198,968,472,2296,46,213,267,1623
4/24/2019 0:00,7:00:00,AM,198,960,467,2296,41,213,264,1623
4/24/2019 0:00,8:00:00,AM,198,942,465,2296,43,211,262,1618
4/24/2019 0:00,9:00:00,AM,198,942,467,2299,41,211,262,1615
4/24/2019 0:00,10:00:00,AM,198,950,465,2301,38,208,262,1613
4/24/2019 0:00,11:00:00,AM,196,950,467,2304,41,208,262,1613
4/24/2019 0:00,12:00:00,PM,193,947,467,2306,38,203,262,1610
4/24/2019 0:00,1:00:00,PM,193,945,467,2311,38,198,259,1610
4/24/2019 0:00,2:00:00,PM,193,942,465,2311,38,193,262,1610
4/24/2019 0:00,3:00:00,PM,193,945,465,2319,36,188,259,1608
4/24/2019 0:00,4:00:00,PM,193,950,465,2322,36,185,259,1605
4/24/2019 0:00,5:00:00,PM,190,952,465,2324,38,183,259,1605
4/24/2019 0:00,6:00:00,PM,193,958,467,2329,41,180,262,1613
4/24/2019 0:00,7:00:00,PM,196,958,467,2329,38,178,262,1623
4/24/2019 0:00,8:00:00,PM,196,958,465,2332,41,178,262,1631
4/24/2019 0:00,9:00:00,PM,196,955,465,2334,41,175,262,1633
4/24/2019 0:00,10:00:00,PM,196,955,467,2337,41,175,262,1633
4/24/2019 0:00,11:00:00,PM,196,955,467,2342,41,178,262,1628
4/25/2019 0:00,12:00:00,AM,196,955,467,2164,41,178,262,1623
4/25/2019 0:00,1:00:00,AM,196,958,467,2355,41,178,262,1621
4/25/2019 0:00,2:00:00,AM,198,958,467,2360,41,180,262,1613
4/25/2019 0:00,3:00:00,AM,196,955,467,2362,41,180,262,1608
4/25/2019 0:00,4:00:00,AM,198,955,467,2365,43,180,262,1603
4/25/2019 0:00,5:00:00,AM,196,952,467,2370,43,180,262,1598
4/25/2019 0:00,6:00:00,AM,196,947,467,2372,41,180,259,1593
4/25/2019 0:00,7:00:00,AM,190,945,462,2367,36,178,257,1588
4/25/2019 0:00,8:00:00,AM,193,922,462,2367,33,175,257,1582
4/25/2019 0:00,9:00:00,AM,190,922,462,2370,33,175,251,1577
4/25/2019 0:00,10:00:00,AM,188,932,462,2367,36,175,254,1575
4/25/2019 0:00,11:00:00,AM,188,932,460,2370,33,170,254,1572
4/25/2019 0:00,12:00:00,PM,188,930,457,2375,30,168,254,1570
4/25/2019 0:00,1:00:00,PM,188,930,457,2372,30,163,254,1570
4/25/2019 0:00,2:00:00,PM,188,927,460,2375,28,155,254,1567
4/25/2019 0:00,3:00:00,PM,188,930,457,2380,28,152,254,1565
4/25/2019 0:00,4:00:00,PM,188,932,457,2380,25,147,249,1560
4/25/2019 0:00,5:00:00,PM,188,932,460,2383,30,145,251,1565
4/25/2019 0:00,6:00:00,PM,188,932,460,2383,33,142,251,1570
4/25/2019 0:00,7:00:00,PM,188,932,460,2385,30,142,254,1575
4/25/2019 0:00,8:00:00,PM,190,930,460,2385,33,140,254,1577
4/25/2019 0:00,9:00:00,PM,190,930,460,2385,33,140,254,1580
4/25/2019 0:00,10:00:00,PM,190,930,460,2385,33,140,254,1577
4/25/2019 0:00,11:00:00,PM,193,932,460,2388,33,142,254,1572
4/26/2019 0:00,12:00:00,AM,190,932,460,2164,33,142,254,1567
4/26/2019 0:00,1:00:00,AM,190,930,460,2393,33,142,251,1562
4/26/2019 0:00,2:00:00,AM,190,930,460,2395,33,145,254,1554
4/26/2019 0:00,3:00:00,AM,185,927,460,2398,33,145,254,1549
4/26/2019 0:00,4:00:00,AM,188,930,460,2400,33,145,254,1542
4/26/2019 0:00,5:00:00,AM,190,932,460,2400,33,142,254,1537
4/26/2019 0:00,6:00:00,AM,188,935,460,2400,33,142,254,1532
4/26/2019 0:00,7:00:00,AM,190,925,457,2398,28,140,251,1527
4/26/2019 0:00,8:00:00,AM,188,909,455,2395,28,140,251,1521
4/26/2019 0:00,9:00:00,AM,188,907,457,2395,30,140,249,1519
4/26/2019 0:00,10:00:00,AM,188,914,457,2395,28,137,249,1516
4/26/2019 0:00,11:00:00,AM,185,914,457,2395,28,132,249,1509
4/26/2019 0:00,12:00:00,PM,185,912,455,2398,25,127,246,1509
4/26/2019 0:00,1:00:00,PM,185,909,452,2398,25,122,246,1509
4/26/2019 0:00,2:00:00,PM,183,909,452,2395,23,114,246,1504
4/26/2019 0:00,3:00:00,PM,183,909,452,2400,23,109,244,1501
4/26/2019 0:00,4:00:00,PM,183,912,452,2400,20,104,244,1499
4/26/2019 0:00,5:00:00,PM,183,912,452,2398,20,102,244,1501
4/26/2019 0:00,6:00:00,PM,183,912,455,2395,23,102,244,1504
4/26/2019 0:00,7:00:00,PM,185,912,452,2395,23,102,246,1506
4/26/2019 0:00,8:00:00,PM,185,909,455,2390,23,102,246,1506
4/26/2019 0:00,9:00:00,PM,188,912,455,2390,23,99,244,1504
4/26/2019 0:00,10:00:00,PM,188,912,455,2390,25,99,246,1501
4/26/2019 0:00,11:00:00,PM,188,914,455,2390,25,102,246,1499
4/27/2019 0:00,12:00:00,AM,188,919,455,2162,25,102,246,1494
4/27/2019 0:00,1:00:00,AM,188,922,455,2395,25,102,249,1491
4/27/2019 0:00,2:00:00,AM,188,925,455,2395,25,104,246,1486
4/27/2019 0:00,3:00:00,AM,185,925,455,2398,25,104,246,1481
4/27/2019 0:00,4:00:00,AM,185,919,455,2398,25,107,246,1478
4/27/2019 0:00,5:00:00,AM,188,917,455,2398,25,107,246,1473
4/27/2019 0:00,6:00:00,AM,185,914,452,2395,25,107,246,1468
4/27/2019 0:00,7:00:00,AM,185,899,450,2393,20,102,244,1466
4/27/2019 0:00,8:00:00,AM,183,874,452,2390,20,99,241,1460
4/27/2019 0:00,9:00:00,AM,183,879,452,2390,20,99,241,1458
4/27/2019 0:00,10:00:00,AM,180,889,450,2385,20,97,241,1455
4/27/2019 0:00,11:00:00,AM,180,889,450,2385,20,91,241,1453
4/27/2019 0:00,12:00:00,PM,180,889,447,2385,18,84,241,1453
4/27/2019 0:00,1:00:00,PM,180,889,447,2385,18,79,241,1453
4/27/2019 0:00,2:00:00,PM,178,886,447,2385,15,74,239,1450
4/27/2019 0:00,3:00:00,PM,175,886,447,2385,13,69,236,1448
4/27/2019 0:00,4:00:00,PM,178,886,450,2388,13,66,239,1445
4/27/2019 0:00,5:00:00,PM,178,889,447,2383,15,64,239,1445
4/27/2019 0:00,6:00:00,PM,178,892,447,2383,18,64,239,1445
4/27/2019 0:00,7:00:00,PM,180,892,447,2380,18,61,241,1448
4/27/2019 0:00,8:00:00,PM,180,892,447,2372,18,61,241,1448
4/27/2019 0:00,9:00:00,PM,183,892,450,2367,18,61,241,1448
4/27/2019 0:00,10:00:00,PM,180,892,450,2362,18,64,241,1445
4/27/2019 0:00,11:00:00,PM,180,892,450,2360,18,64,241,1443
4/28/2019 0:00,12:00:00,AM,180,892,450,2159,18,64,241,1440
4/28/2019 0:00,1:00:00,AM,180,892,450,2355,18,64,241,1435
4/28/2019 0:00,2:00:00,AM,180,892,450,2355,18,64,241,1433
4/28/2019 0:00,3:00:00,AM,180,889,450,2352,18,64,241,1430
4/28/2019 0:00,4:00:00,AM,180,889,450,2350,18,64,241,1425
4/28/2019 0:00,5:00:00,AM,180,889,450,2347,18,64,241,1420
4/28/2019 0:00,6:00:00,AM,180,886,450,2342,18,64,241,1417
4/28/2019 0:00,7:00:00,AM,178,874,447,2337,15,61,239,1417
4/28/2019 0:00,8:00:00,AM,178,861,444,2329,13,61,236,1407
4/28/2019 0:00,9:00:00,AM,178,861,444,2329,13,61,236,1410
4/28/2019 0:00,10:00:00,AM,175,861,444,2327,10,56,234,1407
4/28/2019 0:00,11:00:00,AM,175,866,444,2324,10,51,234,1405
4/28/2019 0:00,12:00:00,PM,175,864,442,2324,8,46,234,1405
4/28/2019 0:00,1:00:00,PM,175,864,442,2324,5,43,236,1405
4/28/2019 0:00,2:00:00,PM,173,861,442,2324,5,38,231,1402
4/28/2019 0:00,3:00:00,PM,173,861,442,2324,3,33,234,1402
4/28/2019 0:00,4:00:00,PM,173,861,442,2324,3,28,234,1402
4/28/2019 0:00,5:00:00,PM,173,864,439,2322,8,28,231,1400
4/28/2019 0:00,6:00:00,PM,173,864,444,2319,5,28,234,1397
4/28/2019 0:00,7:00:00,PM,175,864,444,2316,5,28,236,1394
4/28/2019 0:00,8:00:00,PM,178,864,444,2311,8,28,236,1397
4/28/2019 0:00,9:00:00,PM,178,866,444,2306,8,25,234,1394
4/28/2019 0:00,10:00:00,PM,178,866,444,2306,8,25,236,1394
4/28/2019 0:00,11:00:00,PM,175,866,444,2301,8,25,236,1394
4/29/2019 0:00,12:00:00,AM,173,869,444,2154,8,25,236,1389
4/29/2019 0:00,1:00:00,AM,170,866,444,2301,8,25,236,1389
4/29/2019 0:00,2:00:00,AM,173,866,444,2301,8,25,236,1387
4/29/2019 0:00,3:00:00,AM,173,864,444,2296,8,25,236,1387
4/29/2019 0:00,4:00:00,AM,173,864,444,2296,8,25,236,1384
4/29/2019 0:00,5:00:00,AM,173,861,444,2291,8,25,236,1382
4/29/2019 0:00,6:00:00,AM,,861,444,2283,8,25,234,1382
4/29/2019 0:00,7:00:00,AM,173,856,442,2273,3,33,234,1384
4/29/2019 0:00,8:00:00,AM,173,836,442,2271,3,30,234,1377
4/29/2019 0:00,9:00:00,AM,170,831,442,2266,3,25,231,1377
4/29/2019 0:00,10:00:00,AM,170,833,439,2261,3,20,231,1377
4/29/2019 0:00,11:00:00,AM,168,841,437,2256,0,18,231,1377
4/29/2019 0:00,12:00:00,PM,168,843,439,2253,0,13,231,1377
4/29/2019 0:00,1:00:00,PM,170,841,437,2253,0,8,231,1377
4/29/2019 0:00,2:00:00,PM,168,838,437,2250,0,5,229,1374
4/29/2019 0:00,3:00:00,PM,168,838,439,2248,-3,0,229,1374
4/29/2019 0:00,4:00:00,PM,168,838,439,2245,-3,0,229,1374
4/29/2019 0:00,5:00:00,PM,168,841,439,2240,0,0,231,1372
4/29/2019 0:00,6:00:00,PM,170,841,439,2235,0,0,231,1372
4/29/2019 0:00,7:00:00,PM,170,841,439,2233,3,-3,231,1372
4/29/2019 0:00,8:00:00,PM,170,843,439,2222,3,-3,231,1369
4/29/2019 0:00,9:00:00,PM,170,843,437,2220,3,-3,231,1369
4/29/2019 0:00,10:00:00,PM,170,848,439,2215,0,-3,231,1367
4/29/2019 0:00,11:00:00,PM,170,848,439,2217,0,-3,231,1367
4/30/2019 0:00,12:00:00,AM,170,843,439,2146,0,0,231,1356
4/30/2019 0:00,1:00:00,AM,170,841,437,2215,3,0,231,1364
4/30/2019 0:00,2:00:00,AM,173,838,439,2212,3,-3,231,1364
4/30/2019 0:00,3:00:00,AM,173,833,439,2210,3,0,231,1364
4/30/2019 0:00,4:00:00,AM,170,833,439,2207,3,-3,231,1361
4/30/2019 0:00,5:00:00,AM,170,833,439,2207,3,-3,231,1361
4/30/2019 0:00,6:00:00,AM,170,831,437,2202,3,-3,231,1356
4/30/2019 0:00,7:00:00,AM,170,828,437,2197,0,0,229,1359
4/30/2019 0:00,8:00:00,AM,170,820,437,2189,-3,0,229,1351
4/30/2019 0:00,9:00:00,AM,168,823,434,2184,0,0,229,1351
4/30/2019 0:00,10:00:00,AM,168,826,437,2179,0,-5,231,1351
4/30/2019 0:00,11:00:00,AM,165,826,437,2174,0,-3,229,1346
4/30/2019 0:00,12:00:00,PM,165,826,437,2174,0,0,229,1344
4/30/2019 0:00,1:00:00,PM,165,823,437,2169,0,0,229,1341
4/30/2019 0:00,2:00:00,PM,165,823,437,2167,0,-3,229,1341
4/30/2019 0:00,3:00:00,PM,165,823,437,2162,0,-3,229,1341
4/30/2019 0:00,4:00:00,PM,165,823,437,2162,-3,-3,231,1339
4/30/2019 0:00,5:00:00,PM,165,823,437,2159,0,-3,231,1336
4/30/2019 0:00,6:00:00,PM,165,823,437,2156,0,-3,231,1336
4/30/2019 0:00,7:00:00,PM,168,820,439,2151,0,-3,231,1334
4/30/2019 0:00,8:00:00,PM,168,820,434,2146,0,-3,231,1334
4/30/2019 0:00,9:00:00,PM,165,820,,2144,0,-3,234,1331
4/30/2019 0:00,10:00:00,PM,168,820,,2144,0,-3,231,1331
4/30/2019 0:00,11:00:00,PM,168,820,,2141,0,-3,234,1328
