date,hour,am/pm,squaw _snowdepth_cm,squaw_SWE_mm,squaw _snowdepth_mm,cues_snowtemp,squaw_snowtemp,,
4/1/2019 0:00,12:00:00,AM,323,1598,3230,-9.13,-8.63,,
4/1/2019 0:00,1:00:00,AM,323,1603,3230,-7.45,-6.95,,
4/1/2019 0:00,2:00:00,AM,323,1603,3230,-7.4,-6.9,,
4/1/2019 0:00,3:00:00,AM,323,1603,3230,-7.84,-7.34,,
4/1/2019 0:00,4:00:00,AM,323,1603,3230,-6.74,-6.24,,
4/1/2019 0:00,5:00:00,AM,323,1603,3230,-6.42,-5.92,,
4/1/2019 0:00,6:00:00,AM,323,1603,3230,-6.13,-5.63,,
4/1/2019 0:00,7:00:00,AM,320,1603,3200,-4.62,-4.12,,
4/1/2019 0:00,8:00:00,AM,320,1603,3200,-2.81,-2.31,,
4/1/2019 0:00,9:00:00,AM,318,1603,3180,-0.47,0.03,,
4/1/2019 0:00,10:00:00,AM,318,1603,3180,-0.13,0.37,,
4/1/2019 0:00,11:00:00,AM,315,1605,3150,0,0.5,,
4/1/2019 0:00,12:00:00,PM,315,1605,3150,-0.03,0.47,,
4/1/2019 0:00,1:00:00,PM,318,1608,3180,0,0.5,,
4/1/2019 0:00,2:00:00,PM,318,1610,3180,0,0.5,,
4/1/2019 0:00,3:00:00,PM,318,1613,3180,-0.1,0.4,,
4/1/2019 0:00,4:00:00,PM,320,1618,3200,-0.07,0.43,,
4/1/2019 0:00,5:00:00,PM,318,1623,3180,-0.34,0.16,,
4/1/2019 0:00,6:00:00,PM,315,1626,3150,-0.62,-0.12,,
4/1/2019 0:00,7:00:00,PM,320,1631,3200,-0.73,-0.23,,
4/1/2019 0:00,8:00:00,PM,325,1633,3250,-1.23,-0.73,,
4/1/2019 0:00,9:00:00,PM,328,1636,3280,-1.94,-1.44,,
4/1/2019 0:00,10:00:00,PM,323,1638,3230,-2.17,-1.67,,
4/1/2019 0:00,11:00:00,PM,323,1641,3230,-2.2,-1.7,,
4/2/2019 0:00,12:00:00,AM,328,1643,3280,-2.41,-1.91,,
4/2/2019 0:00,1:00:00,AM,325,1643,3250,-2.74,-2.24,,
4/2/2019 0:00,2:00:00,AM,328,1648,3280,-2.57,-2.07,,
4/2/2019 0:00,3:00:00,AM,330,1651,3300,-2.48,-1.98,,
4/2/2019 0:00,4:00:00,AM,333,1654,3330,-2.58,-2.08,,
4/2/2019 0:00,5:00:00,AM,335,1659,3350,-2.76,-2.26,,
4/2/2019 0:00,6:00:00,AM,338,1659,3380,-2.88,-2.38,,
4/2/2019 0:00,7:00:00,AM,335,1661,3350,-3.07,-2.57,,
4/2/2019 0:00,8:00:00,AM,335,1661,3350,-2.31,-1.81,,
4/2/2019 0:00,9:00:00,AM,338,1664,3380,-2.04,-1.54,,
4/2/2019 0:00,10:00:00,AM,335,1664,3350,-2.05,-1.55,,
4/2/2019 0:00,11:00:00,AM,335,1666,3350,-2.62,-2.12,,
4/2/2019 0:00,12:00:00,PM,335,1669,3350,-2.89,-2.39,,
4/2/2019 0:00,1:00:00,PM,338,1674,3380,-3.05,-2.55,,
4/2/2019 0:00,2:00:00,PM,335,1676,3350,-3.62,-3.12,,
4/2/2019 0:00,3:00:00,PM,335,1676,3350,-3.76,-3.26,,
4/2/2019 0:00,4:00:00,PM,335,1676,3350,-4.05,-3.55,,
4/2/2019 0:00,5:00:00,PM,335,1676,3350,-4.1,-3.6,,
4/2/2019 0:00,6:00:00,PM,335,1676,3350,-4.02,-3.52,,
4/2/2019 0:00,7:00:00,PM,338,1679,3380,-4.16,-3.66,,
4/2/2019 0:00,8:00:00,PM,335,1676,3350,-4.34,-3.84,,
4/2/2019 0:00,9:00:00,PM,335,1679,3350,-5.53,-5.03,,
4/2/2019 0:00,10:00:00,PM,335,1679,3350,-8.01,-7.51,,
4/2/2019 0:00,11:00:00,PM,338,1681,3380,-9.39,-8.89,,
4/3/2019 0:00,12:00:00,AM,338,1681,3380,-9.53,-9.03,,
4/3/2019 0:00,1:00:00,AM,338,1681,3380,-7.84,-7.34,,
4/3/2019 0:00,2:00:00,AM,338,1681,3380,-8.79,-8.29,,
4/3/2019 0:00,3:00:00,AM,338,1684,3380,-10.07,-9.57,,
4/3/2019 0:00,4:00:00,AM,340,1684,3400,-11.41,-10.91,,
4/3/2019 0:00,5:00:00,AM,340,1681,3400,-11.82,-11.32,,
4/3/2019 0:00,6:00:00,AM,340,1684,3400,-11.36,-10.86,,
4/3/2019 0:00,7:00:00,AM,338,1681,3380,-9.66,-9.16,,
4/3/2019 0:00,8:00:00,AM,335,1681,3350,-6.71,-6.21,,
4/3/2019 0:00,9:00:00,AM,335,1681,3350,-3.54,-3.04,,
4/3/2019 0:00,10:00:00,AM,335,1681,3350,-1.33,-0.83,,
4/3/2019 0:00,11:00:00,AM,335,1681,3350,-1.06,-0.56,,
4/3/2019 0:00,12:00:00,PM,333,1684,3330,-0.72,-0.22,,
4/3/2019 0:00,1:00:00,PM,330,1684,3300,-0.62,-0.12,,
4/3/2019 0:00,2:00:00,PM,330,1687,3300,-0.46,0.04,,
4/3/2019 0:00,3:00:00,PM,330,1687,3300,-0.97,-0.47,,
4/3/2019 0:00,4:00:00,PM,330,1684,3300,-2.15,-1.65,,
4/3/2019 0:00,5:00:00,PM,330,1687,3300,-4.09,-3.59,,
4/3/2019 0:00,6:00:00,PM,330,1687,3300,-4.75,-4.25,,
4/3/2019 0:00,7:00:00,PM,330,1687,3300,-4.82,-4.32,,
4/3/2019 0:00,8:00:00,PM,333,1687,3330,-5.53,-5.03,,
4/3/2019 0:00,9:00:00,PM,330,1687,3300,-5.8,-5.3,,
4/3/2019 0:00,10:00:00,PM,330,1687,3300,-4.77,-4.27,,
4/3/2019 0:00,11:00:00,PM,330,1687,3300,-5.78,-5.28,,
4/4/2019 0:00,12:00:00,AM,330,1687,3300,-7.02,-6.52,,
4/4/2019 0:00,1:00:00,AM,330,1687,3300,-8.45,-7.95,,
4/4/2019 0:00,2:00:00,AM,330,1687,3300,-9.42,-8.92,,
4/4/2019 0:00,3:00:00,AM,330,1687,3300,-9.86,-9.36,,
4/4/2019 0:00,4:00:00,AM,330,1687,3300,-10.9,-10.4,,
4/4/2019 0:00,5:00:00,AM,330,1687,3300,-11.28,-10.78,,
4/4/2019 0:00,6:00:00,AM,330,1684,3300,-9.72,-9.22,,
4/4/2019 0:00,7:00:00,AM,330,1681,3300,-7.89,-7.39,,
4/4/2019 0:00,8:00:00,AM,328,1681,3280,-5.88,-5.38,,
4/4/2019 0:00,9:00:00,AM,328,1681,3280,-3.49,-2.99,,
4/4/2019 0:00,10:00:00,AM,328,1681,3280,-1.54,-1.04,,
4/4/2019 0:00,11:00:00,AM,328,1684,3280,-0.79,-0.29,,
4/4/2019 0:00,12:00:00,PM,325,1684,3250,-0.92,-0.42,,
4/4/2019 0:00,1:00:00,PM,323,1684,3230,-0.69,-0.19,,
4/4/2019 0:00,2:00:00,PM,325,1684,3250,-1.01,-0.51,,
4/4/2019 0:00,3:00:00,PM,328,1684,3280,-1.95,-1.45,,
4/4/2019 0:00,4:00:00,PM,325,1689,3250,-2.65,-2.15,,
4/4/2019 0:00,5:00:00,PM,330,1689,3300,-3.14,-2.64,,
4/4/2019 0:00,6:00:00,PM,333,1692,3330,-3.45,-2.95,,
4/4/2019 0:00,7:00:00,PM,335,1692,3350,-3.33,-2.83,,
4/4/2019 0:00,8:00:00,PM,333,1692,3330,-3.41,-2.91,,
4/4/2019 0:00,9:00:00,PM,333,1692,3330,-4.24,-3.74,,
4/4/2019 0:00,10:00:00,PM,335,1692,3350,-4.9,-4.4,,
4/4/2019 0:00,11:00:00,PM,333,1689,3330,-5,-4.5,,
4/5/2019 0:00,12:00:00,AM,333,1692,3330,-4.9,-4.4,,
4/5/2019 0:00,1:00:00,AM,333,1689,3330,-5.7,-5.2,,
4/5/2019 0:00,2:00:00,AM,330,1692,3300,-6.53,-6.03,,
4/5/2019 0:00,3:00:00,AM,328,1689,3280,-4.82,-4.32,,
4/5/2019 0:00,4:00:00,AM,330,1692,3300,-4.99,-4.49,,
4/5/2019 0:00,5:00:00,AM,330,1692,3300,-5.68,-5.18,,
4/5/2019 0:00,6:00:00,AM,330,1689,3300,-5.67,-5.17,,
4/5/2019 0:00,7:00:00,AM,330,1689,3300,-5.72,-5.22,,
4/5/2019 0:00,8:00:00,AM,328,1689,3280,-3.43,-2.93,,
4/5/2019 0:00,9:00:00,AM,328,1689,3280,-2.72,-2.22,,
4/5/2019 0:00,10:00:00,AM,328,1689,3280,-2.51,-2.01,,
4/5/2019 0:00,11:00:00,AM,325,1692,3250,-2.72,-2.22,,
4/5/2019 0:00,12:00:00,PM,328,1692,3280,-2.95,-2.45,,
4/5/2019 0:00,1:00:00,PM,330,1694,3300,-3.03,-2.53,,
4/5/2019 0:00,2:00:00,PM,328,1697,3280,-3.32,-2.82,,
4/5/2019 0:00,3:00:00,PM,330,1699,3300,-3.47,-2.97,,
4/5/2019 0:00,4:00:00,PM,330,1699,3300,-4.38,-3.88,,
4/5/2019 0:00,5:00:00,PM,330,1699,3300,-6.43,-5.93,,
4/5/2019 0:00,6:00:00,PM,330,1699,3300,-9.72,-9.22,,
4/5/2019 0:00,7:00:00,PM,333,1702,3330,-10.7,-10.2,,
4/5/2019 0:00,8:00:00,PM,333,1702,3330,-11.94,-11.44,,
4/5/2019 0:00,9:00:00,PM,333,1702,3330,-15.88,-15.38,,
4/5/2019 0:00,10:00:00,PM,333,1704,3330,-18.76,-18.26,,
4/5/2019 0:00,11:00:00,PM,333,1704,3330,-14.99,-14.49,,
4/6/2019 0:00,12:00:00,AM,333,1704,3330,-11.42,-10.92,,
4/6/2019 0:00,1:00:00,AM,333,1704,3330,-10.01,-9.51,,
4/6/2019 0:00,2:00:00,AM,333,1707,3330,-9.52,-9.02,,
4/6/2019 0:00,3:00:00,AM,335,1707,3350,-9.2,-8.7,,
4/6/2019 0:00,4:00:00,AM,330,1707,3300,-9.25,-8.75,,
4/6/2019 0:00,5:00:00,AM,333,1707,3330,-9.1,-8.6,,
4/6/2019 0:00,6:00:00,AM,328,1704,3280,-8.9,-8.4,,
4/6/2019 0:00,7:00:00,AM,,1707,0,-8.26,-7.76,,
4/6/2019 0:00,8:00:00,AM,335,1707,3350,-7.38,-6.88,,
4/6/2019 0:00,9:00:00,AM,330,1702,3300,-5.8,-5.3,,
4/6/2019 0:00,10:00:00,AM,328,1697,3280,-4.74,-4.24,,
4/6/2019 0:00,11:00:00,AM,328,1697,3280,-2.67,-2.17,,
4/6/2019 0:00,12:00:00,PM,325,1697,3250,-1.47,-0.97,,
4/6/2019 0:00,1:00:00,PM,328,1697,3280,-0.32,0.18,,
4/6/2019 0:00,2:00:00,PM,325,1697,3250,-0.31,0.19,,
4/6/2019 0:00,3:00:00,PM,325,1694,3250,-0.54,-0.04,,
4/6/2019 0:00,4:00:00,PM,325,1697,3250,-1.45,-0.95,,
4/6/2019 0:00,5:00:00,PM,328,1697,3280,-0.91,-0.41,,
4/6/2019 0:00,6:00:00,PM,325,1697,3250,-0.99,-0.49,,
4/6/2019 0:00,7:00:00,PM,328,1702,3280,-1.22,-0.72,,
4/6/2019 0:00,8:00:00,PM,328,1699,3280,-1.12,-0.62,,
4/6/2019 0:00,9:00:00,PM,325,1702,3250,-2.28,-1.78,,
4/6/2019 0:00,10:00:00,PM,328,1702,3280,-2.08,-1.58,,
4/6/2019 0:00,11:00:00,PM,328,1702,3280,-2.57,-2.07,,
4/7/2019 0:00,12:00:00,AM,325,1704,3250,-3.58,-3.08,,
4/7/2019 0:00,1:00:00,AM,325,1704,3250,-3.63,-3.13,,
4/7/2019 0:00,2:00:00,AM,325,1707,3250,-4.56,-4.06,,
4/7/2019 0:00,3:00:00,AM,325,1704,3250,-4.32,-3.82,,
4/7/2019 0:00,4:00:00,AM,325,1707,3250,-4.45,-3.95,,
4/7/2019 0:00,5:00:00,AM,323,1707,3230,-4.84,-4.34,,
4/7/2019 0:00,6:00:00,AM,325,1707,3250,-4.04,-3.54,,
4/7/2019 0:00,7:00:00,AM,323,1707,3230,-3.14,-2.64,,
4/7/2019 0:00,8:00:00,AM,320,1707,3200,-1.7,-1.2,,
4/7/2019 0:00,9:00:00,AM,320,1707,3200,-0.55,-0.05,,
4/7/2019 0:00,10:00:00,AM,323,1707,3230,-0.16,0.34,,
4/7/2019 0:00,11:00:00,AM,320,1707,3200,-0.08,0.42,,
4/7/2019 0:00,12:00:00,PM,320,1709,3200,-0.05,0.45,,
4/7/2019 0:00,1:00:00,PM,318,1709,3180,-0.04,0.46,,
4/7/2019 0:00,2:00:00,PM,320,1712,3200,-0.05,0.45,,
4/7/2019 0:00,3:00:00,PM,318,1712,3180,-0.17,0.33,,
4/7/2019 0:00,4:00:00,PM,318,1714,3180,-0.47,0.03,,
4/7/2019 0:00,5:00:00,PM,318,1712,3180,-0.81,-0.31,,
4/7/2019 0:00,6:00:00,PM,318,1714,3180,-1.53,-1.03,,
4/7/2019 0:00,7:00:00,PM,318,1712,3180,-2.77,-2.27,,
4/7/2019 0:00,8:00:00,PM,318,1709,3180,-3.43,-2.93,,
4/7/2019 0:00,9:00:00,PM,318,1707,3180,-3.09,-2.59,,
4/7/2019 0:00,10:00:00,PM,318,1707,3180,-3.08,-2.58,,
4/7/2019 0:00,11:00:00,PM,318,1707,3180,-3.66,-3.16,,
4/8/2019 0:00,12:00:00,AM,318,1707,3180,-3.4,-2.9,,
4/8/2019 0:00,1:00:00,AM,318,1707,3180,-2.48,-1.98,,
4/8/2019 0:00,2:00:00,AM,318,1709,3180,-2.44,-1.94,,
4/8/2019 0:00,3:00:00,AM,315,1707,3150,-1.87,-1.37,,
4/8/2019 0:00,4:00:00,AM,315,1707,3150,-1.32,-0.82,,
4/8/2019 0:00,5:00:00,AM,315,1707,3150,-1.15,-0.65,,
4/8/2019 0:00,6:00:00,AM,315,1707,3150,-0.85,-0.35,,
4/8/2019 0:00,7:00:00,AM,315,1704,3150,-0.26,0.24,,
4/8/2019 0:00,8:00:00,AM,315,1707,3150,-0.01,0.49,,
4/8/2019 0:00,9:00:00,AM,315,1702,3150,-0.02,0.48,,
4/8/2019 0:00,10:00:00,AM,312,1704,3120,-0.04,0.46,,
4/8/2019 0:00,11:00:00,AM,310,1702,3100,,0.5,,
4/8/2019 0:00,12:00:00,PM,310,1702,3100,0,0.5,,
4/8/2019 0:00,1:00:00,PM,310,1702,3100,0,0.5,,
4/8/2019 0:00,2:00:00,PM,310,1699,3100,0,0.5,,
4/8/2019 0:00,3:00:00,PM,310,1694,3100,-0.03,0.47,,
4/8/2019 0:00,4:00:00,PM,310,1694,3100,-0.01,0.49,,
4/8/2019 0:00,5:00:00,PM,310,1694,3100,0,0.5,,
4/8/2019 0:00,6:00:00,PM,310,1694,3100,-0.05,0.45,,
4/8/2019 0:00,7:00:00,PM,307,1697,3070,0,0.5,,
4/8/2019 0:00,8:00:00,PM,307,1699,3070,,0.5,,
4/8/2019 0:00,9:00:00,PM,310,1704,3100,,0.5,,
4/8/2019 0:00,10:00:00,PM,310,1707,3100,0,0.5,,
4/8/2019 0:00,11:00:00,PM,310,1707,3100,0,0.5,,
4/9/2019 0:00,12:00:00,AM,307,1702,3070,0,0.5,,
4/9/2019 0:00,1:00:00,AM,307,1704,3070,-0.03,0.47,,
4/9/2019 0:00,2:00:00,AM,310,1712,3100,-0.15,0.35,,
4/9/2019 0:00,3:00:00,AM,307,1707,3070,-0.77,-0.27,,
4/9/2019 0:00,4:00:00,AM,310,1704,3100,-1.32,-0.82,,
4/9/2019 0:00,5:00:00,AM,310,1702,3100,-2.1,-1.6,,
4/9/2019 0:00,6:00:00,AM,310,1699,3100,-2.6,-2.1,,
4/9/2019 0:00,7:00:00,AM,310,1699,3100,-2.89,-2.39,,
4/9/2019 0:00,8:00:00,AM,307,1699,3070,-3.4,-2.9,,
4/9/2019 0:00,9:00:00,AM,307,1699,3070,-3.79,-3.29,,
4/9/2019 0:00,10:00:00,AM,305,1697,3050,-3.49,-2.99,,
4/9/2019 0:00,11:00:00,AM,307,1699,3070,-2.54,-2.04,,
4/9/2019 0:00,12:00:00,PM,305,1699,3050,-3.32,-2.82,,
4/9/2019 0:00,1:00:00,PM,305,1697,3050,-3.22,-2.72,,
4/9/2019 0:00,2:00:00,PM,302,1697,3020,-3.36,-2.86,,
4/9/2019 0:00,3:00:00,PM,305,1697,3050,-5.97,-5.47,,
4/9/2019 0:00,4:00:00,PM,305,1697,3050,-6.65,-6.15,,
4/9/2019 0:00,5:00:00,PM,305,1697,3050,-7.17,-6.67,,
4/9/2019 0:00,6:00:00,PM,307,1694,3070,-10.83,-10.33,,
4/9/2019 0:00,7:00:00,PM,307,1692,3070,-9.92,-9.42,,
4/9/2019 0:00,8:00:00,PM,307,1692,3070,-11.02,-10.52,,
4/9/2019 0:00,9:00:00,PM,307,1689,3070,-10.39,-9.89,,
4/9/2019 0:00,10:00:00,PM,307,1689,3070,-8.42,-7.92,,
4/9/2019 0:00,11:00:00,PM,310,1687,3100,-8.39,-7.89,,
4/10/2019 0:00,12:00:00,AM,310,1687,3100,-11.09,-10.59,,
4/10/2019 0:00,1:00:00,AM,310,1684,3100,-13.33,-12.83,,
4/10/2019 0:00,2:00:00,AM,307,1681,3070,-15.88,-15.38,,
4/10/2019 0:00,3:00:00,AM,307,1681,3070,-16.74,-16.24,,
4/10/2019 0:00,4:00:00,AM,307,1681,3070,-17.3,-16.8,,
4/10/2019 0:00,5:00:00,AM,307,1676,3070,-17.75,-17.25,,
4/10/2019 0:00,6:00:00,AM,307,1676,3070,-15.83,-15.33,,
4/10/2019 0:00,7:00:00,AM,307,1674,3070,-14.04,-13.54,,
4/10/2019 0:00,8:00:00,AM,305,1674,3050,-10.82,-10.32,,
4/10/2019 0:00,9:00:00,AM,305,1674,3050,-8.17,-7.67,,
4/10/2019 0:00,10:00:00,AM,305,1671,3050,-6.34,-5.84,,
4/10/2019 0:00,11:00:00,AM,305,1671,3050,-5.09,-4.59,,
4/10/2019 0:00,12:00:00,PM,305,1674,3050,-3.72,-3.22,,
4/10/2019 0:00,1:00:00,PM,302,1676,3020,-2.91,-2.41,,
4/10/2019 0:00,2:00:00,PM,302,1679,3020,-3.01,-2.51,,
4/10/2019 0:00,3:00:00,PM,302,1679,3020,-3.66,-3.16,,
4/10/2019 0:00,4:00:00,PM,302,1681,3020,-4.76,-4.26,,
4/10/2019 0:00,5:00:00,PM,302,1681,3020,-6.95,-6.45,,
4/10/2019 0:00,6:00:00,PM,305,1681,3050,-9.41,-8.91,,
4/10/2019 0:00,7:00:00,PM,305,1679,3050,-10.44,-9.94,,
4/10/2019 0:00,8:00:00,PM,305,1679,3050,-11.65,-11.15,,
4/10/2019 0:00,9:00:00,PM,305,1681,3050,-12.64,-12.14,,
4/10/2019 0:00,10:00:00,PM,307,1681,3070,-13.41,-12.91,,
4/10/2019 0:00,11:00:00,PM,307,1679,3070,-14.19,-13.69,,
4/11/2019 0:00,12:00:00,AM,307,1679,3070,-14.82,-14.32,,
4/11/2019 0:00,1:00:00,AM,307,1679,3070,-15.26,-14.76,,
4/11/2019 0:00,2:00:00,AM,307,1679,3070,-15.51,-15.01,,
4/11/2019 0:00,3:00:00,AM,307,1679,3070,-16.18,-15.68,,
4/11/2019 0:00,4:00:00,AM,307,1676,3070,-16.75,-16.25,,
4/11/2019 0:00,5:00:00,AM,307,1674,3070,-16.63,-16.13,,
4/11/2019 0:00,6:00:00,AM,307,1674,3070,-15.31,-14.81,,
4/11/2019 0:00,7:00:00,AM,305,1671,3050,-11.79,-11.29,,
4/11/2019 0:00,8:00:00,AM,302,1671,3020,-8.98,-8.48,,
4/11/2019 0:00,9:00:00,AM,300,1669,3000,-5.39,-4.89,,
4/11/2019 0:00,10:00:00,AM,302,1671,3020,-5.01,-4.51,,
4/11/2019 0:00,11:00:00,AM,302,1671,3020,-4.45,-3.95,,
4/11/2019 0:00,12:00:00,PM,302,1671,3020,-2.49,-1.99,,
4/11/2019 0:00,1:00:00,PM,302,1676,3020,-1.83,-1.33,,
4/11/2019 0:00,2:00:00,PM,305,1679,3050,-2.28,-1.78,,
4/11/2019 0:00,3:00:00,PM,302,1681,3020,-2.7,-2.2,,
4/11/2019 0:00,4:00:00,PM,305,1681,3050,-3.38,-2.88,,
4/11/2019 0:00,5:00:00,PM,305,1681,3050,-3.91,-3.41,,
4/11/2019 0:00,6:00:00,PM,305,1681,3050,-4.14,-3.64,,
4/11/2019 0:00,7:00:00,PM,305,1681,3050,-4.39,-3.89,,
4/11/2019 0:00,8:00:00,PM,305,1681,3050,-5.1,-4.6,,
4/11/2019 0:00,9:00:00,PM,305,1679,3050,-5.48,-4.98,,
4/11/2019 0:00,10:00:00,PM,305,1679,3050,-5.96,-5.46,,
4/11/2019 0:00,11:00:00,PM,305,1679,3050,-6.36,-5.86,,
4/12/2019 0:00,12:00:00,AM,305,1679,3050,-6.85,-6.35,,
4/12/2019 0:00,1:00:00,AM,305,1674,3050,-7.01,-6.51,,
4/12/2019 0:00,2:00:00,AM,305,1674,3050,-7.26,-6.76,,
4/12/2019 0:00,3:00:00,AM,305,1671,3050,-8.04,-7.54,,
4/12/2019 0:00,4:00:00,AM,307,1671,3070,-12.32,-11.82,,
4/12/2019 0:00,5:00:00,AM,305,1669,3050,-10.96,-10.46,,
4/12/2019 0:00,6:00:00,AM,305,1669,3050,-7.73,-7.23,,
4/12/2019 0:00,7:00:00,AM,305,1666,3050,-7.04,-6.54,,
4/12/2019 0:00,8:00:00,AM,302,1666,3020,-6.22,-5.72,,
4/12/2019 0:00,9:00:00,AM,302,1666,3020,-5.08,-4.58,,
4/12/2019 0:00,10:00:00,AM,302,1664,3020,-3.9,-3.4,,
4/12/2019 0:00,11:00:00,AM,300,1664,3000,-2.53,-2.03,,
4/12/2019 0:00,12:00:00,PM,300,1666,3000,-2.95,-2.45,,
4/12/2019 0:00,1:00:00,PM,300,1669,3000,-2.61,-2.11,,
4/12/2019 0:00,2:00:00,PM,300,1676,3000,-2.61,-2.11,,
4/12/2019 0:00,3:00:00,PM,300,1679,3000,-3.63,-3.13,,
4/12/2019 0:00,4:00:00,PM,300,1681,3000,-5.07,-4.57,,
4/12/2019 0:00,5:00:00,PM,297,1681,2970,-7.88,-7.38,,
4/12/2019 0:00,6:00:00,PM,302,1681,3020,-11.76,-11.26,,
4/12/2019 0:00,7:00:00,PM,305,1684,3050,-11.95,-11.45,,
4/12/2019 0:00,8:00:00,PM,305,1681,3050,-10.68,-10.18,,
4/12/2019 0:00,9:00:00,PM,305,1681,3050,-11.83,-11.33,,
4/12/2019 0:00,10:00:00,PM,305,1681,3050,-13.29,-12.79,,
4/12/2019 0:00,11:00:00,PM,305,1681,3050,-14.12,-13.62,,
4/13/2019 0:00,12:00:00,AM,302,1681,3020,-16.01,-15.51,,
4/13/2019 0:00,1:00:00,AM,305,1681,3050,-17.9,-17.4,,
4/13/2019 0:00,2:00:00,AM,302,1681,3020,-16.23,-15.73,,
4/13/2019 0:00,3:00:00,AM,305,1681,3050,-16.41,-15.91,,
4/13/2019 0:00,4:00:00,AM,305,1679,3050,-16.59,-16.09,,
4/13/2019 0:00,5:00:00,AM,305,1676,3050,-16.38,-15.88,,
4/13/2019 0:00,6:00:00,AM,302,1674,3020,-14.81,-14.31,,
4/13/2019 0:00,7:00:00,AM,300,1674,3000,-8.9,-8.4,,
4/13/2019 0:00,8:00:00,AM,300,1671,3000,-5.04,-4.54,,
4/13/2019 0:00,9:00:00,AM,300,1671,3000,-2.42,-1.92,,
4/13/2019 0:00,10:00:00,AM,300,1669,3000,-0.45,0.05,,
4/13/2019 0:00,11:00:00,AM,300,1669,3000,-0.47,0.03,,
4/13/2019 0:00,12:00:00,PM,300,1676,3000,-0.32,0.18,,
4/13/2019 0:00,1:00:00,PM,300,1681,3000,-0.16,0.34,,
4/13/2019 0:00,2:00:00,PM,297,1684,2970,-0.1,0.4,,
4/13/2019 0:00,3:00:00,PM,297,1687,2970,-0.18,0.32,,
4/13/2019 0:00,4:00:00,PM,297,1687,2970,-0.15,0.35,,
4/13/2019 0:00,5:00:00,PM,297,1689,2970,-0.64,-0.14,,
4/13/2019 0:00,6:00:00,PM,300,1689,3000,-1.24,-0.74,,
4/13/2019 0:00,7:00:00,PM,297,1689,2970,-1.81,-1.31,,
4/13/2019 0:00,8:00:00,PM,300,1687,3000,-1.78,-1.28,,
4/13/2019 0:00,9:00:00,PM,300,1687,3000,-1.87,-1.37,,
4/13/2019 0:00,10:00:00,PM,297,1687,2970,-2.14,-1.64,,
4/13/2019 0:00,11:00:00,PM,300,1687,3000,-2.96,-2.46,,
4/14/2019 0:00,12:00:00,AM,300,1679,3000,-3.52,-3.02,,
4/14/2019 0:00,1:00:00,AM,300,1684,3000,-4.15,-3.65,,
4/14/2019 0:00,2:00:00,AM,297,1684,2970,-4.7,-4.2,,
4/14/2019 0:00,3:00:00,AM,300,1684,3000,-5.21,-4.71,,
4/14/2019 0:00,4:00:00,AM,300,1684,3000,-5.35,-4.85,,
4/14/2019 0:00,5:00:00,AM,300,1681,3000,-5.63,-5.13,,
4/14/2019 0:00,6:00:00,AM,297,1679,2970,-4.59,-4.09,,
4/14/2019 0:00,7:00:00,AM,300,1679,3000,-3,-2.5,,
4/14/2019 0:00,8:00:00,AM,297,1679,2970,-1.34,-0.84,,
4/14/2019 0:00,9:00:00,AM,297,1679,2970,-0.15,0.35,,
4/14/2019 0:00,10:00:00,AM,297,1681,2970,-0.11,0.39,,
4/14/2019 0:00,11:00:00,AM,297,1681,2970,-0.07,0.43,,
4/14/2019 0:00,12:00:00,PM,297,1681,2970,-0.08,0.42,,
4/14/2019 0:00,1:00:00,PM,297,1684,2970,-0.03,0.47,,
4/14/2019 0:00,2:00:00,PM,297,1687,2970,-0.09,0.41,,
4/14/2019 0:00,3:00:00,PM,297,1684,2970,-0.09,0.41,,
4/14/2019 0:00,4:00:00,PM,297,1681,2970,-0.21,0.29,,
4/14/2019 0:00,5:00:00,PM,297,1681,2970,-0.47,0.03,,
4/14/2019 0:00,6:00:00,PM,297,1681,2970,-0.38,0.12,,
4/14/2019 0:00,7:00:00,PM,297,1679,2970,-0.46,0.04,,
4/14/2019 0:00,8:00:00,PM,297,1676,2970,-0.64,-0.14,,
4/14/2019 0:00,9:00:00,PM,297,1676,2970,-0.75,-0.25,,
4/14/2019 0:00,10:00:00,PM,297,1676,2970,-1.58,-1.08,,
4/14/2019 0:00,11:00:00,PM,297,1676,2970,-1.62,-1.12,,
4/15/2019 0:00,12:00:00,AM,297,1676,2970,-1.43,-0.93,,
4/15/2019 0:00,1:00:00,AM,297,1674,2970,-1.59,-1.09,,
4/15/2019 0:00,2:00:00,AM,297,1674,2970,-2,-1.5,,
4/15/2019 0:00,3:00:00,AM,297,1674,2970,-1.97,-1.47,,
4/15/2019 0:00,4:00:00,AM,297,1674,2970,-2.27,-1.77,,
4/15/2019 0:00,5:00:00,AM,297,1674,2970,-2.43,-1.93,,
4/15/2019 0:00,6:00:00,AM,297,1674,2970,-2.18,-1.68,,
4/15/2019 0:00,7:00:00,AM,297,1671,2970,-1.42,-0.92,,
4/15/2019 0:00,8:00:00,AM,297,1674,2970,-1.1,-0.6,,
4/15/2019 0:00,9:00:00,AM,295,1676,2950,-1.12,-0.62,,
4/15/2019 0:00,10:00:00,AM,295,1676,2950,-1.12,-0.62,,
4/15/2019 0:00,11:00:00,AM,295,1679,2950,-0.91,-0.41,,
4/15/2019 0:00,12:00:00,PM,295,1679,2950,-0.79,-0.29,,
4/15/2019 0:00,1:00:00,PM,295,1679,2950,-1.03,-0.53,,
4/15/2019 0:00,2:00:00,PM,297,1679,2970,-1.18,-0.68,,
4/15/2019 0:00,3:00:00,PM,297,1681,2970,-1.22,-0.72,,
4/15/2019 0:00,4:00:00,PM,297,1681,2970,-1.81,-1.31,,
4/15/2019 0:00,5:00:00,PM,300,1681,3000,-2.19,-1.69,,
4/15/2019 0:00,6:00:00,PM,300,1684,3000,-2.97,-2.47,,
4/15/2019 0:00,7:00:00,PM,302,1687,3020,-3.44,-2.94,,
4/15/2019 0:00,8:00:00,PM,305,1689,3050,-3.68,-3.18,,
4/15/2019 0:00,9:00:00,PM,305,1687,3050,-3.58,-3.08,,
4/15/2019 0:00,10:00:00,PM,302,1681,3020,-3.61,-3.11,,
4/15/2019 0:00,11:00:00,PM,297,1681,2970,-3.81,-3.31,,
4/16/2019 0:00,12:00:00,AM,300,1681,3000,-4.06,-3.56,,
4/16/2019 0:00,1:00:00,AM,297,1681,2970,-4.65,-4.15,,
4/16/2019 0:00,2:00:00,AM,297,1679,2970,-5.08,-4.58,,
4/16/2019 0:00,3:00:00,AM,302,1681,3020,-5.05,-4.55,,
4/16/2019 0:00,4:00:00,AM,300,1681,3000,-5.16,-4.66,,
4/16/2019 0:00,5:00:00,AM,300,1681,3000,-5.66,-5.16,,
4/16/2019 0:00,6:00:00,AM,300,1679,3000,-5.21,-4.71,,
4/16/2019 0:00,7:00:00,AM,300,1681,3000,-5.51,-5.01,,
4/16/2019 0:00,8:00:00,AM,300,1681,3000,-4.3,-3.8,,
4/16/2019 0:00,9:00:00,AM,297,1681,2970,-3.58,-3.08,,
4/16/2019 0:00,10:00:00,AM,297,1681,2970,-1.3,-0.8,,
4/16/2019 0:00,11:00:00,AM,295,1681,2950,-1.05,-0.55,,
4/16/2019 0:00,12:00:00,PM,295,1687,2950,-0.96,-0.46,,
4/16/2019 0:00,1:00:00,PM,295,1687,2950,-0.79,-0.29,,
4/16/2019 0:00,2:00:00,PM,295,1687,2950,-0.98,-0.48,,
4/16/2019 0:00,3:00:00,PM,295,1687,2950,-2.55,-2.05,,
4/16/2019 0:00,4:00:00,PM,295,1687,2950,-2.96,-2.46,,
4/16/2019 0:00,5:00:00,PM,295,1687,2950,-5.05,-4.55,,
4/16/2019 0:00,6:00:00,PM,297,1687,2970,-8.01,-7.51,,
4/16/2019 0:00,7:00:00,PM,300,1689,3000,-9.3,-8.8,,
4/16/2019 0:00,8:00:00,PM,297,1689,2970,-10.39,-9.89,,
4/16/2019 0:00,9:00:00,PM,300,1687,3000,-11.22,-10.72,,
4/16/2019 0:00,10:00:00,PM,300,1687,3000,-12.11,-11.61,,
4/16/2019 0:00,11:00:00,PM,300,1689,3000,-13.21,-12.71,,
4/17/2019 0:00,12:00:00,AM,300,1689,3000,-13.21,-12.71,,
4/17/2019 0:00,1:00:00,AM,297,1687,2970,-14.4,-13.9,,
4/17/2019 0:00,2:00:00,AM,300,1687,3000,-15.13,-14.63,,
4/17/2019 0:00,3:00:00,AM,300,1687,3000,-15.65,-15.15,,
4/17/2019 0:00,4:00:00,AM,300,1681,3000,-15.57,-15.07,,
4/17/2019 0:00,5:00:00,AM,300,1681,3000,-16.19,-15.69,,
4/17/2019 0:00,6:00:00,AM,297,1679,2970,-13.73,-13.23,,
4/17/2019 0:00,7:00:00,AM,295,1679,2950,-9.44,-8.94,,
4/17/2019 0:00,8:00:00,AM,292,1674,2920,-6.13,-5.63,,
4/17/2019 0:00,9:00:00,AM,292,1674,2920,-3.14,-2.64,,
4/17/2019 0:00,10:00:00,AM,290,1679,2900,-1.07,-0.57,,
4/17/2019 0:00,11:00:00,AM,292,1681,2920,-0.05,0.45,,
4/17/2019 0:00,12:00:00,PM,290,1684,2900,-0.1,0.4,,
4/17/2019 0:00,1:00:00,PM,292,1687,2920,-0.15,0.35,,
4/17/2019 0:00,2:00:00,PM,290,1689,2900,-0.18,0.32,,
4/17/2019 0:00,3:00:00,PM,290,1689,2900,-0.3,0.2,,
4/17/2019 0:00,4:00:00,PM,290,1689,2900,-0.52,-0.02,,
4/17/2019 0:00,5:00:00,PM,290,1689,2900,-0.81,-0.31,,
4/17/2019 0:00,6:00:00,PM,292,1692,2920,-1.88,-1.38,,
4/17/2019 0:00,7:00:00,PM,295,1692,2950,-3.02,-2.52,,
4/17/2019 0:00,8:00:00,PM,295,1692,2950,-3.72,-3.22,,
4/17/2019 0:00,9:00:00,PM,295,1692,2950,-4.92,-4.42,,
4/17/2019 0:00,10:00:00,PM,292,1694,2920,-6.05,-5.55,,
4/17/2019 0:00,11:00:00,PM,295,1692,2950,-7.76,-7.26,,
4/18/2019 0:00,12:00:00,AM,295,1684,2950,-9.29,-8.79,,
4/18/2019 0:00,1:00:00,AM,295,1692,2950,-10.14,-9.64,,
4/18/2019 0:00,2:00:00,AM,295,1694,2950,-10.87,-10.37,,
4/18/2019 0:00,3:00:00,AM,295,1692,2950,-11.06,-10.56,,
4/18/2019 0:00,4:00:00,AM,295,1692,2950,-11.07,-10.57,,
4/18/2019 0:00,5:00:00,AM,295,1692,2950,-10.54,-10.04,,
4/18/2019 0:00,6:00:00,AM,292,1689,2920,-7.98,-7.48,,
4/18/2019 0:00,7:00:00,AM,292,1689,2920,-4.76,-4.26,,
4/18/2019 0:00,8:00:00,AM,290,1687,2900,-1.38,-0.88,,
4/18/2019 0:00,9:00:00,AM,290,1684,2900,-0.16,0.34,,
4/18/2019 0:00,10:00:00,AM,290,1687,2900,-0.14,0.36,,
4/18/2019 0:00,11:00:00,AM,287,1687,2870,-0.19,0.31,,
4/18/2019 0:00,12:00:00,PM,284,1689,2840,,0.5,,
4/18/2019 0:00,1:00:00,PM,284,1687,2840,,0.5,,
4/18/2019 0:00,2:00:00,PM,287,1689,2870,,0.5,,
4/18/2019 0:00,3:00:00,PM,287,1692,2870,,0.5,,
4/18/2019 0:00,4:00:00,PM,287,1692,2870,,0.5,,
4/18/2019 0:00,5:00:00,PM,287,1689,2870,-0.11,0.39,,
4/18/2019 0:00,6:00:00,PM,287,1687,2870,-0.87,-0.37,,
4/18/2019 0:00,7:00:00,PM,290,1694,2900,-1.77,-1.27,,
4/18/2019 0:00,8:00:00,PM,290,1707,2900,-3.13,-2.63,,
4/18/2019 0:00,9:00:00,PM,290,1717,2900,-4.32,-3.82,,
4/18/2019 0:00,10:00:00,PM,290,1722,2900,-5.04,-4.54,,
4/18/2019 0:00,11:00:00,PM,290,1727,2900,-5.65,-5.15,,
4/19/2019 0:00,12:00:00,AM,290,1669,2900,-4.94,-4.44,,
4/19/2019 0:00,1:00:00,AM,290,1732,2900,-3.06,-2.56,,
4/19/2019 0:00,2:00:00,AM,290,1730,2900,-2.94,-2.44,,
4/19/2019 0:00,3:00:00,AM,290,1730,2900,-2.95,-2.45,,
4/19/2019 0:00,4:00:00,AM,290,1730,2900,-3.38,-2.88,,
4/19/2019 0:00,5:00:00,AM,290,1727,2900,-3.82,-3.32,,
4/19/2019 0:00,6:00:00,AM,290,1725,2900,-3.04,-2.54,,
4/19/2019 0:00,7:00:00,AM,290,1722,2900,-0.84,-0.34,,
4/19/2019 0:00,8:00:00,AM,287,1720,2870,-0.7,-0.2,,
4/19/2019 0:00,9:00:00,AM,287,1720,2870,0,0.5,,
4/19/2019 0:00,10:00:00,AM,287,1717,2870,0,0.5,,
4/19/2019 0:00,11:00:00,AM,284,1717,2840,-0.07,0.43,,
4/19/2019 0:00,12:00:00,PM,284,1714,2840,0,0.5,,
4/19/2019 0:00,1:00:00,PM,282,1714,2820,,0.5,,
4/19/2019 0:00,2:00:00,PM,284,1712,2840,0,0.5,,
4/19/2019 0:00,3:00:00,PM,282,1709,2820,,0.5,,
4/19/2019 0:00,4:00:00,PM,282,1709,2820,0,0.5,,
4/19/2019 0:00,5:00:00,PM,282,1707,2820,0,0.5,,
4/19/2019 0:00,6:00:00,PM,282,1704,2820,-0.02,0.48,,
4/19/2019 0:00,7:00:00,PM,282,1707,2820,-0.07,0.43,,
4/19/2019 0:00,8:00:00,PM,284,1714,2840,-0.09,0.41,,
4/19/2019 0:00,9:00:00,PM,284,1725,2840,-0.28,0.22,,
4/19/2019 0:00,10:00:00,PM,284,1730,2840,-0.63,-0.13,,
4/19/2019 0:00,11:00:00,PM,284,1735,2840,-0.33,0.17,,
4/20/2019 0:00,12:00:00,AM,284,1654,2840,-0.79,-0.29,,
4/20/2019 0:00,1:00:00,AM,282,1735,2820,-1.25,-0.75,,
4/20/2019 0:00,2:00:00,AM,282,1732,2820,-1.57,-1.07,,
4/20/2019 0:00,3:00:00,AM,282,1730,2820,-1.29,-0.79,,
4/20/2019 0:00,4:00:00,AM,282,1727,2820,-1.69,-1.19,,
4/20/2019 0:00,5:00:00,AM,284,1722,2840,-0.48,0.02,,
4/20/2019 0:00,6:00:00,AM,282,1720,2820,-0.11,0.39,,
4/20/2019 0:00,7:00:00,AM,282,1717,2820,-0.35,0.15,,
4/20/2019 0:00,8:00:00,AM,282,1712,2820,-0.11,0.39,,
4/20/2019 0:00,9:00:00,AM,282,1709,2820,-0.05,0.45,,
4/20/2019 0:00,10:00:00,AM,282,1707,2820,-0.01,0.49,,
4/20/2019 0:00,11:00:00,AM,282,1704,2820,-0.11,0.39,,
4/20/2019 0:00,12:00:00,PM,279,1702,2790,-0.14,0.36,,
4/20/2019 0:00,1:00:00,PM,282,1699,2820,-0.19,0.31,,
4/20/2019 0:00,2:00:00,PM,282,1697,2820,-0.1,0.4,,
4/20/2019 0:00,3:00:00,PM,279,1692,2790,-0.42,0.08,,
4/20/2019 0:00,4:00:00,PM,279,1689,2790,-0.46,0.04,,
4/20/2019 0:00,5:00:00,PM,282,1687,2820,-0.51,-0.01,,
4/20/2019 0:00,6:00:00,PM,282,1679,2820,-1.09,-0.59,,
4/20/2019 0:00,7:00:00,PM,282,1676,2820,-1.29,-0.79,,
4/20/2019 0:00,8:00:00,PM,282,1674,2820,-2.73,-2.23,,
4/20/2019 0:00,9:00:00,PM,282,1671,2820,-2.74,-2.24,,
4/20/2019 0:00,10:00:00,PM,282,1669,2820,-3.05,-2.55,,
4/20/2019 0:00,11:00:00,PM,282,1669,2820,-3.51,-3.01,,
4/21/2019 0:00,12:00:00,AM,282,1646,2820,-4.3,-3.8,,
4/21/2019 0:00,1:00:00,AM,282,1664,2820,-5.24,-4.74,,
4/21/2019 0:00,2:00:00,AM,282,1661,2820,-6.71,-6.21,,
4/21/2019 0:00,3:00:00,AM,282,1656,2820,-7.02,-6.52,,
4/21/2019 0:00,4:00:00,AM,282,1651,2820,-8.17,-7.67,,
4/21/2019 0:00,5:00:00,AM,282,1648,2820,-9.54,-9.04,,
4/21/2019 0:00,6:00:00,AM,282,1648,2820,-8.73,-8.23,,
4/21/2019 0:00,7:00:00,AM,279,1648,2790,-6.62,-6.12,,
4/21/2019 0:00,8:00:00,AM,279,1651,2790,-3.63,-3.13,,
4/21/2019 0:00,9:00:00,AM,277,1651,2770,-1.57,-1.07,,
4/21/2019 0:00,10:00:00,AM,277,1651,2770,-0.39,0.11,,
4/21/2019 0:00,11:00:00,AM,274,1651,2740,-0.3,0.2,,
4/21/2019 0:00,12:00:00,PM,277,1654,2770,-0.36,0.14,,
4/21/2019 0:00,1:00:00,PM,277,1654,2770,-0.38,0.12,,
4/21/2019 0:00,2:00:00,PM,277,1654,2770,-0.45,0.05,,
4/21/2019 0:00,3:00:00,PM,274,1654,2740,-1.3,-0.8,,
4/21/2019 0:00,4:00:00,PM,274,1654,2740,-1.66,-1.16,,
4/21/2019 0:00,5:00:00,PM,277,1654,2770,-2.11,-1.61,,
4/21/2019 0:00,6:00:00,PM,277,1651,2770,-2.34,-1.84,,
4/21/2019 0:00,7:00:00,PM,279,1651,2790,-3.02,-2.52,,
4/21/2019 0:00,8:00:00,PM,279,1648,2790,-5.35,-4.85,,
4/21/2019 0:00,9:00:00,PM,279,1643,2790,-7.37,-6.87,,
4/21/2019 0:00,10:00:00,PM,279,1643,2790,-7.82,-7.32,,
4/21/2019 0:00,11:00:00,PM,279,1643,2790,-8.16,-7.66,,
4/22/2019 0:00,12:00:00,AM,279,1643,2790,-8.22,-7.72,,
4/22/2019 0:00,1:00:00,AM,279,1641,2790,-8.4,-7.9,,
4/22/2019 0:00,2:00:00,AM,279,1641,2790,-8.5,-8,,
4/22/2019 0:00,3:00:00,AM,279,1638,2790,-8.53,-8.03,,
4/22/2019 0:00,4:00:00,AM,279,1636,2790,-8.62,-8.12,,
4/22/2019 0:00,5:00:00,AM,279,1633,2790,-8.36,-7.86,,
4/22/2019 0:00,6:00:00,AM,277,1631,2770,-6.71,-6.21,,
4/22/2019 0:00,7:00:00,AM,277,1631,2770,-4.96,-4.46,,
4/22/2019 0:00,8:00:00,AM,274,1631,2740,-2.69,-2.19,,
4/22/2019 0:00,9:00:00,AM,274,1633,2740,-1.26,-0.76,,
4/22/2019 0:00,10:00:00,AM,272,1633,2720,-0.61,-0.11,,
4/22/2019 0:00,11:00:00,AM,274,1633,2740,-0.4,0.1,,
4/22/2019 0:00,12:00:00,PM,272,1636,2720,-0.42,0.08,,
4/22/2019 0:00,1:00:00,PM,272,1636,2720,-0.43,0.07,,
4/22/2019 0:00,2:00:00,PM,269,1636,2690,-0.49,0.01,,
4/22/2019 0:00,3:00:00,PM,269,1636,2690,-0.75,-0.25,,
4/22/2019 0:00,4:00:00,PM,269,1636,2690,-0.97,-0.47,,
4/22/2019 0:00,5:00:00,PM,269,1636,2690,-1.34,-0.84,,
4/22/2019 0:00,6:00:00,PM,272,1633,2720,-2.49,-1.99,,
4/22/2019 0:00,7:00:00,PM,272,1633,2720,-3.6,-3.1,,
4/22/2019 0:00,8:00:00,PM,272,1636,2720,-4.31,-3.81,,
4/22/2019 0:00,9:00:00,PM,274,1636,2740,-4.91,-4.41,,
4/22/2019 0:00,10:00:00,PM,274,1641,2740,-5.36,-4.86,,
4/22/2019 0:00,11:00:00,PM,272,1643,2720,-5.82,-5.32,,
4/23/2019 0:00,12:00:00,AM,272,1643,2720,-6.54,-6.04,,
4/23/2019 0:00,1:00:00,AM,269,1643,2690,-6.86,-6.36,,
4/23/2019 0:00,2:00:00,AM,272,1641,2720,-6.76,-6.26,,
4/23/2019 0:00,3:00:00,AM,272,1638,2720,-7.2,-6.7,,
4/23/2019 0:00,4:00:00,AM,272,1636,2720,-7.67,-7.17,,
4/23/2019 0:00,5:00:00,AM,272,1633,2720,-7.49,-6.99,,
4/23/2019 0:00,6:00:00,AM,272,1633,2720,-5.22,-4.72,,
4/23/2019 0:00,7:00:00,AM,269,1633,2690,-2.61,-2.11,,
4/23/2019 0:00,8:00:00,AM,269,1631,2690,-0.47,0.03,,
4/23/2019 0:00,9:00:00,AM,269,1631,2690,-0.13,0.37,,
4/23/2019 0:00,10:00:00,AM,267,1628,2670,-0.15,0.35,,
4/23/2019 0:00,11:00:00,AM,267,1628,2670,-0.08,0.42,,
4/23/2019 0:00,12:00:00,PM,267,1626,2670,0,0.5,,
4/23/2019 0:00,1:00:00,PM,264,1626,2640,0,0.5,,
4/23/2019 0:00,2:00:00,PM,262,1626,2620,,0.5,,
4/23/2019 0:00,3:00:00,PM,262,1626,2620,,0.5,,
4/23/2019 0:00,4:00:00,PM,259,1623,2590,,0.5,,
4/23/2019 0:00,5:00:00,PM,259,1623,2590,-0.02,0.48,,
4/23/2019 0:00,6:00:00,PM,267,1623,2670,-0.41,0.09,,
4/23/2019 0:00,7:00:00,PM,267,1626,2670,-1.09,-0.59,,
4/23/2019 0:00,8:00:00,PM,267,1631,2670,-1.62,-1.12,,
4/23/2019 0:00,9:00:00,PM,267,1636,2670,-2.53,-2.03,,
4/23/2019 0:00,10:00:00,PM,267,1638,2670,-3.33,-2.83,,
4/23/2019 0:00,11:00:00,PM,267,1641,2670,-3.66,-3.16,,
4/24/2019 0:00,12:00:00,AM,269,1638,2690,-3.98,-3.48,,
4/24/2019 0:00,1:00:00,AM,269,1638,2690,-4.55,-4.05,,
4/24/2019 0:00,2:00:00,AM,269,1633,2690,-4.97,-4.47,,
4/24/2019 0:00,3:00:00,AM,267,1633,2670,-5.39,-4.89,,
4/24/2019 0:00,4:00:00,AM,267,1631,2670,-5.86,-5.36,,
4/24/2019 0:00,5:00:00,AM,267,1626,2670,-5.97,-5.47,,
4/24/2019 0:00,6:00:00,AM,267,1623,2670,-4.45,-3.95,,
4/24/2019 0:00,7:00:00,AM,264,1623,2640,-1.2,-0.7,,
4/24/2019 0:00,8:00:00,AM,262,1618,2620,-0.13,0.37,,
4/24/2019 0:00,9:00:00,AM,262,1615,2620,,0.5,,
4/24/2019 0:00,10:00:00,AM,262,1613,2620,,0.5,,
4/24/2019 0:00,11:00:00,AM,262,1613,2620,,0.5,,
4/24/2019 0:00,12:00:00,PM,262,1610,2620,,0.5,,
4/24/2019 0:00,1:00:00,PM,259,1610,2590,,0.5,,
4/24/2019 0:00,2:00:00,PM,262,1610,2620,0,0.5,,
4/24/2019 0:00,3:00:00,PM,259,1608,2590,-0.03,0.47,,
4/24/2019 0:00,4:00:00,PM,259,1605,2590,,0.5,,
4/24/2019 0:00,5:00:00,PM,259,1605,2590,0,0.5,,
4/24/2019 0:00,6:00:00,PM,262,1613,2620,-0.06,0.44,,
4/24/2019 0:00,7:00:00,PM,262,1623,2620,-0.25,0.25,,
4/24/2019 0:00,8:00:00,PM,262,1631,2620,-0.8,-0.3,,
4/24/2019 0:00,9:00:00,PM,262,1633,2620,-1.43,-0.93,,
4/24/2019 0:00,10:00:00,PM,262,1633,2620,-1.91,-1.41,,
4/24/2019 0:00,11:00:00,PM,262,1628,2620,-1.91,-1.41,,
4/25/2019 0:00,12:00:00,AM,262,1623,2620,-2.35,-1.85,,
4/25/2019 0:00,1:00:00,AM,262,1621,2620,-2,-1.5,,
4/25/2019 0:00,2:00:00,AM,262,1613,2620,-1.29,-0.79,,
4/25/2019 0:00,3:00:00,AM,262,1608,2620,-0.83,-0.33,,
4/25/2019 0:00,4:00:00,AM,262,1603,2620,-0.94,-0.44,,
4/25/2019 0:00,5:00:00,AM,262,1598,2620,-1.39,-0.89,,
4/25/2019 0:00,6:00:00,AM,259,1593,2590,-0.74,-0.24,,
4/25/2019 0:00,7:00:00,AM,257,1588,2570,,0.5,,
4/25/2019 0:00,8:00:00,AM,257,1582,2570,-0.1,0.4,,
4/25/2019 0:00,9:00:00,AM,251,1577,2510,-0.1,0.4,,
4/25/2019 0:00,10:00:00,AM,254,1575,2540,,0.5,,
4/25/2019 0:00,11:00:00,AM,254,1572,2540,,0.5,,
4/25/2019 0:00,12:00:00,PM,254,1570,2540,0,0.5,,
4/25/2019 0:00,1:00:00,PM,254,1570,2540,,0.5,,
4/25/2019 0:00,2:00:00,PM,254,1567,2540,,0.5,,
4/25/2019 0:00,3:00:00,PM,254,1565,2540,,0.5,,
4/25/2019 0:00,4:00:00,PM,249,1560,2490,,0.5,,
4/25/2019 0:00,5:00:00,PM,251,1565,2510,0,0.5,,
4/25/2019 0:00,6:00:00,PM,251,1570,2510,-0.11,0.39,,
4/25/2019 0:00,7:00:00,PM,254,1575,2540,-0.11,0.39,,
4/25/2019 0:00,8:00:00,PM,254,1577,2540,-0.14,0.36,,
4/25/2019 0:00,9:00:00,PM,254,1580,2540,-0.21,0.29,,
4/25/2019 0:00,10:00:00,PM,254,1577,2540,-0.3,0.2,,
4/25/2019 0:00,11:00:00,PM,254,1572,2540,-0.38,0.12,,
4/26/2019 0:00,12:00:00,AM,254,1567,2540,-0.45,0.05,,
4/26/2019 0:00,1:00:00,AM,251,1562,2510,-0.56,-0.06,,
4/26/2019 0:00,2:00:00,AM,254,1554,2540,-0.65,-0.15,,
4/26/2019 0:00,3:00:00,AM,254,1549,2540,-0.89,-0.39,,
4/26/2019 0:00,4:00:00,AM,254,1542,2540,-1.2,-0.7,,
4/26/2019 0:00,5:00:00,AM,254,1537,2540,-1.02,-0.52,,
4/26/2019 0:00,6:00:00,AM,254,1532,2540,-0.81,-0.31,,
4/26/2019 0:00,7:00:00,AM,251,1527,2510,-0.38,0.12,,
4/26/2019 0:00,8:00:00,AM,251,1521,2510,-0.18,0.32,,
4/26/2019 0:00,9:00:00,AM,249,1519,2490,-0.1,0.4,,
4/26/2019 0:00,10:00:00,AM,249,1516,2490,-0.01,0.49,,
4/26/2019 0:00,11:00:00,AM,249,1509,2490,-0.05,0.45,,
4/26/2019 0:00,12:00:00,PM,246,1509,2460,,0.5,,
4/26/2019 0:00,1:00:00,PM,246,1509,2460,,0.5,,
4/26/2019 0:00,2:00:00,PM,246,1504,2460,0,0.5,,
4/26/2019 0:00,3:00:00,PM,244,1501,2440,-0.04,0.46,,
4/26/2019 0:00,4:00:00,PM,244,1499,2440,-0.03,0.47,,
4/26/2019 0:00,5:00:00,PM,244,1501,2440,-0.05,0.45,,
4/26/2019 0:00,6:00:00,PM,244,1504,2440,-0.09,0.41,,
4/26/2019 0:00,7:00:00,PM,246,1506,2460,-0.17,0.33,,
4/26/2019 0:00,8:00:00,PM,246,1506,2460,-0.27,0.23,,
4/26/2019 0:00,9:00:00,PM,244,1504,2440,-0.32,0.18,,
4/26/2019 0:00,10:00:00,PM,246,1501,2460,-0.4,0.1,,
4/26/2019 0:00,11:00:00,PM,246,1499,2460,-0.59,-0.09,,
4/27/2019 0:00,12:00:00,AM,246,1494,2460,-0.74,-0.24,,
4/27/2019 0:00,1:00:00,AM,249,1491,2490,-0.71,-0.21,,
4/27/2019 0:00,2:00:00,AM,246,1486,2460,-1.08,-0.58,,
4/27/2019 0:00,3:00:00,AM,246,1481,2460,-1.79,-1.29,,
4/27/2019 0:00,4:00:00,AM,246,1478,2460,-2.36,-1.86,,
4/27/2019 0:00,5:00:00,AM,246,1473,2460,-2.79,-2.29,,
4/27/2019 0:00,6:00:00,AM,246,1468,2460,-1.97,-1.47,,
4/27/2019 0:00,7:00:00,AM,244,1466,2440,-0.66,-0.16,,
4/27/2019 0:00,8:00:00,AM,241,1460,2410,-0.24,0.26,,
4/27/2019 0:00,9:00:00,AM,241,1458,2410,-0.14,0.36,,
4/27/2019 0:00,10:00:00,AM,241,1455,2410,-0.07,0.43,,
4/27/2019 0:00,11:00:00,AM,241,1453,2410,0,0.5,,
4/27/2019 0:00,12:00:00,PM,241,1453,2410,,0.5,,
4/27/2019 0:00,1:00:00,PM,241,1453,2410,,0.5,,
4/27/2019 0:00,2:00:00,PM,239,1450,2390,,0.5,,
4/27/2019 0:00,3:00:00,PM,236,1448,2360,0,0.5,,
4/27/2019 0:00,4:00:00,PM,239,1445,2390,0,0.5,,
4/27/2019 0:00,5:00:00,PM,239,1445,2390,-0.01,0.49,,
4/27/2019 0:00,6:00:00,PM,239,1445,2390,-0.11,0.39,,
4/27/2019 0:00,7:00:00,PM,241,1448,2410,-0.27,0.23,,
4/27/2019 0:00,8:00:00,PM,241,1448,2410,-0.32,0.18,,
4/27/2019 0:00,9:00:00,PM,241,1448,2410,-0.81,-0.31,,
4/27/2019 0:00,10:00:00,PM,241,1445,2410,-0.88,-0.38,,
4/27/2019 0:00,11:00:00,PM,241,1443,2410,-1.51,-1.01,,
4/28/2019 0:00,12:00:00,AM,241,1440,2410,-1.7,-1.2,,
4/28/2019 0:00,1:00:00,AM,241,1435,2410,-2,-1.5,,
4/28/2019 0:00,2:00:00,AM,241,1433,2410,-2.58,-2.08,,
4/28/2019 0:00,3:00:00,AM,241,1430,2410,-3.27,-2.77,,
4/28/2019 0:00,4:00:00,AM,241,1425,2410,-3.6,-3.1,,
4/28/2019 0:00,5:00:00,AM,241,1420,2410,-3.73,-3.23,,
4/28/2019 0:00,6:00:00,AM,241,1417,2410,-3.19,-2.69,,
4/28/2019 0:00,7:00:00,AM,239,1417,2390,-1.9,-1.4,,
4/28/2019 0:00,8:00:00,AM,236,1407,2360,-0.67,-0.17,,
4/28/2019 0:00,9:00:00,AM,236,1410,2360,-0.18,0.32,,
4/28/2019 0:00,10:00:00,AM,234,1407,2340,-0.12,0.38,,
4/28/2019 0:00,11:00:00,AM,234,1405,2340,-0.12,0.38,,
4/28/2019 0:00,12:00:00,PM,234,1405,2340,-0.07,0.43,,
4/28/2019 0:00,1:00:00,PM,236,1405,2360,,0.5,,
4/28/2019 0:00,2:00:00,PM,231,1402,2310,,0.5,,
4/28/2019 0:00,3:00:00,PM,234,1402,2340,0,0.5,,
4/28/2019 0:00,4:00:00,PM,234,1402,2340,0,0.5,,
4/28/2019 0:00,5:00:00,PM,231,1400,2310,-0.15,0.35,,
4/28/2019 0:00,6:00:00,PM,234,1397,2340,-0.74,-0.24,,
4/28/2019 0:00,7:00:00,PM,236,1394,2360,-1.14,-0.64,,
4/28/2019 0:00,8:00:00,PM,236,1397,2360,-1.44,-0.94,,
4/28/2019 0:00,9:00:00,PM,234,1394,2340,-2.12,-1.62,,
4/28/2019 0:00,10:00:00,PM,236,1394,2360,-2.31,-1.81,,
4/28/2019 0:00,11:00:00,PM,236,1394,2360,-2.53,-2.03,,
4/29/2019 0:00,12:00:00,AM,236,1389,2360,-2.78,-2.28,,
4/29/2019 0:00,1:00:00,AM,236,1389,2360,-2.95,-2.45,,
4/29/2019 0:00,2:00:00,AM,236,1387,2360,-3.25,-2.75,,
4/29/2019 0:00,3:00:00,AM,236,1387,2360,-4.28,-3.78,,
4/29/2019 0:00,4:00:00,AM,236,1384,2360,-4.23,-3.73,,
4/29/2019 0:00,5:00:00,AM,236,1382,2360,-4.25,-3.75,,
4/29/2019 0:00,6:00:00,AM,234,1382,2340,-3.01,-2.51,,
4/29/2019 0:00,7:00:00,AM,234,1384,2340,-1.13,-0.63,,
4/29/2019 0:00,8:00:00,AM,234,1377,2340,-0.12,0.38,,
4/29/2019 0:00,9:00:00,AM,231,1377,2310,-0.16,0.34,,
4/29/2019 0:00,10:00:00,AM,231,1377,2310,-0.07,0.43,,
4/29/2019 0:00,11:00:00,AM,231,1377,2310,-0.05,0.45,,
4/29/2019 0:00,12:00:00,PM,231,1377,2310,0,0.5,,
4/29/2019 0:00,1:00:00,PM,231,1377,2310,0,0.5,,
4/29/2019 0:00,2:00:00,PM,229,1374,2290,-0.01,0.49,,
4/29/2019 0:00,3:00:00,PM,229,1374,2290,-0.04,0.46,,
4/29/2019 0:00,4:00:00,PM,229,1374,2290,-0.13,0.37,,
4/29/2019 0:00,5:00:00,PM,231,1372,2310,-0.29,0.21,,
4/29/2019 0:00,6:00:00,PM,231,1372,2310,-0.74,-0.24,,
4/29/2019 0:00,7:00:00,PM,231,1372,2310,-1.01,-0.51,,
4/29/2019 0:00,8:00:00,PM,231,1369,2310,-1.86,-1.36,,
4/29/2019 0:00,9:00:00,PM,231,1369,2310,-2.39,-1.89,,
4/29/2019 0:00,10:00:00,PM,231,1367,2310,-2.85,-2.35,,
4/29/2019 0:00,11:00:00,PM,231,1367,2310,-3.29,-2.79,,
